// @generated
// This file is @generated by prost-build.
// ===========================================================================
// XSTATE/STATELY EXTENSION TYPES
//
// This file defines typed extension messages for XState/Stately metadata.
// These types are stored in the `extensions` field of State and Transition
// messages from the core statecharts.proto schema.
//
// DESIGN RATIONALE:
// - Keep core statecharts.proto pure Harel formalism
// - XState-specific concepts (visual layout, invoke, assets) live here
// - Enable full round-trip fidelity with XState/Stately editor
//
// USAGE:
// Pack these messages into State.extensions or Transition.extensions
// using google.protobuf.Any:
//
//    layout := &xstatepb.XStateLayout{...}
//    any, _ := anypb.New(layout)
//    state.Extensions = append(state.Extensions, any)
//
// ===========================================================================

// ─────────────────────────── Visual Layout ─────────────────────────────────

/// XStateLayout captures visual positioning for editor display.
/// Stored in State.extensions or Transition.extensions.
#[derive(Clone, PartialEq, ::prost::Message)]
pub struct XStateLayout {
    /// x,y coordinates on the editor canvas.
    #[prost(message, optional, tag="1")]
    pub position: ::core::option::Option<Position>,
    /// Width and height dimensions.
    #[prost(message, optional, tag="2")]
    pub size: ::core::option::Option<Size>,
    /// Visual color hint: blue, green, orange, purple, red, yellow.
    #[prost(string, tag="3")]
    pub color: ::prost::alloc::string::String,
    /// Internal editor-assigned unique identifier.
    #[prost(string, tag="4")]
    pub unique_id: ::prost::alloc::string::String,
}
/// Position represents x,y coordinates in the editor canvas.
#[derive(Clone, Copy, PartialEq, ::prost::Message)]
pub struct Position {
    /// Horizontal position.
    #[prost(double, tag="1")]
    pub x: f64,
    /// Vertical position.
    #[prost(double, tag="2")]
    pub y: f64,
}
/// Size represents width and height dimensions.
#[derive(Clone, Copy, PartialEq, ::prost::Message)]
pub struct Size {
    /// Width in pixels.
    #[prost(double, tag="1")]
    pub width: f64,
    /// Height in pixels.
    #[prost(double, tag="2")]
    pub height: f64,
}
// ─────────────────────────── State Metadata ────────────────────────────────

/// XStateStateData captures XState-specific state properties.
/// Stored in State.extensions.
#[derive(Clone, PartialEq, ::prost::Message)]
pub struct XStateStateData {
    /// Natural language documentation for the state.
    #[prost(string, tag="1")]
    pub description: ::prost::alloc::string::String,
    /// State tags for matching and categorization.
    #[prost(string, repeated, tag="2")]
    pub tags: ::prost::alloc::vec::Vec<::prost::alloc::string::String>,
    /// Visual assets attached to the state (Figma links, images).
    #[prost(message, repeated, tag="3")]
    pub assets: ::prost::alloc::vec::Vec<XStateAsset>,
    /// Actor invocations that run while the state is active.
    #[prost(message, repeated, tag="4")]
    pub invokes: ::prost::alloc::vec::Vec<XStateInvoke>,
    /// Arbitrary key-value metadata pairs.
    #[prost(message, repeated, tag="5")]
    pub meta_entries: ::prost::alloc::vec::Vec<MetaEntry>,
}
// ─────────────────────────── Transition Metadata ───────────────────────────

/// XStateTransitionData captures XState-specific transition properties.
/// Stored in Transition.extensions.
#[derive(Clone, PartialEq, Eq, Hash, ::prost::Message)]
pub struct XStateTransitionData {
    /// Internal transition flag (skips entry/exit actions when true).
    #[prost(bool, tag="1")]
    pub internal: bool,
    /// Classification of how the transition is triggered.
    #[prost(enumeration="TransitionTriggerType", tag="2")]
    pub trigger_type: i32,
    /// Documentation for the transition.
    #[prost(string, tag="3")]
    pub description: ::prost::alloc::string::String,
}
// ─────────────────────────── Invoke/Actor ──────────────────────────────────

/// XStateInvoke represents an actor invocation on a state.
/// In XState, invokes spawn actors that run while the state is active.
#[derive(Clone, PartialEq, ::prost::Message)]
pub struct XStateInvoke {
    /// Unique identifier for this invocation.
    #[prost(string, tag="1")]
    pub id: ::prost::alloc::string::String,
    /// Reference to the actor source/implementation.
    #[prost(string, tag="2")]
    pub src: ::prost::alloc::string::String,
    /// Kind of invocation: "named", "inline", etc.
    #[prost(string, tag="3")]
    pub kind: ::prost::alloc::string::String,
    /// Input parameters passed to the actor.
    #[prost(message, optional, tag="4")]
    pub input: ::core::option::Option<super::super::google::protobuf::Struct>,
    /// Additional settings for the invocation.
    #[prost(message, optional, tag="5")]
    pub settings: ::core::option::Option<super::super::google::protobuf::Struct>,
}
// ─────────────────────────── Assets ────────────────────────────────────────

/// XStateAsset represents visual assets attached to states.
/// Supports Figma links and uploaded images.
#[derive(Clone, PartialEq, ::prost::Message)]
pub struct XStateAsset {
    /// Display name for the asset.
    #[prost(string, tag="1")]
    pub name: ::prost::alloc::string::String,
    /// Asset template: "@figma.link", "@stately.image".
    #[prost(string, tag="2")]
    pub template: ::prost::alloc::string::String,
    /// Template-specific properties (URL, fileId, nodeId, etc.).
    #[prost(message, optional, tag="3")]
    pub properties: ::core::option::Option<super::super::google::protobuf::Struct>,
}
// ─────────────────────────── Metadata ──────────────────────────────────────

/// MetaEntry represents an arbitrary key-value pair.
/// Maps to XState metaEntries: \[[key, value\], ...]
#[derive(Clone, PartialEq, Eq, Hash, ::prost::Message)]
pub struct MetaEntry {
    /// Metadata key.
    #[prost(string, tag="1")]
    pub key: ::prost::alloc::string::String,
    /// Metadata value.
    #[prost(string, tag="2")]
    pub value: ::prost::alloc::string::String,
}
// ─────────────────────────── Machine Metadata ──────────────────────────────

/// XStateMachineData captures machine-level XState metadata.
/// Can be stored in Statechart.metadata as JSON or in a dedicated extension.
#[derive(Clone, PartialEq, ::prost::Message)]
pub struct XStateMachineData {
    /// Machine UUID.
    #[prost(string, tag="1")]
    pub id: ::prost::alloc::string::String,
    /// Project version UUID.
    #[prost(string, tag="2")]
    pub project_version_id: ::prost::alloc::string::String,
    /// Fork parent UUID if this machine was forked.
    #[prost(string, tag="3")]
    pub fork_parent_id: ::prost::alloc::string::String,
    /// UUID of the last user to edit this machine.
    #[prost(string, tag="4")]
    pub last_edited_by_id: ::prost::alloc::string::String,
    /// Original XState JavaScript code.
    #[prost(string, tag="5")]
    pub original_code: ::prost::alloc::string::String,
    /// Timestamp when the machine was created.
    #[prost(message, optional, tag="6")]
    pub created_at: ::core::option::Option<super::super::google::protobuf::Timestamp>,
    /// Timestamp when the machine was last updated.
    #[prost(message, optional, tag="7")]
    pub updated_at: ::core::option::Option<super::super::google::protobuf::Timestamp>,
    /// Type schemas for machine elements.
    #[prost(message, optional, tag="8")]
    pub schemas: ::core::option::Option<XStateSchemas>,
    /// Action, guard, and actor implementations.
    #[prost(message, optional, tag="9")]
    pub implementations: ::core::option::Option<XStateImplementations>,
}
/// XStateSchemas captures type schemas for machine elements.
#[derive(Clone, PartialEq, ::prost::Message)]
pub struct XStateSchemas {
    /// Tag schemas.
    #[prost(message, optional, tag="1")]
    pub tags: ::core::option::Option<super::super::google::protobuf::Struct>,
    /// Input schema.
    #[prost(message, optional, tag="2")]
    pub input: ::core::option::Option<super::super::google::protobuf::Struct>,
    /// Output schema.
    #[prost(message, optional, tag="3")]
    pub output: ::core::option::Option<super::super::google::protobuf::Struct>,
    /// Actor schemas.
    #[prost(message, optional, tag="4")]
    pub actors: ::core::option::Option<super::super::google::protobuf::Struct>,
    /// Delay schemas.
    #[prost(message, optional, tag="5")]
    pub delays: ::core::option::Option<super::super::google::protobuf::Struct>,
    /// Event payload schemas.
    #[prost(message, optional, tag="6")]
    pub events: ::core::option::Option<super::super::google::protobuf::Struct>,
    /// Guard schemas.
    #[prost(message, optional, tag="7")]
    pub guards: ::core::option::Option<super::super::google::protobuf::Struct>,
    /// Action schemas.
    #[prost(message, optional, tag="8")]
    pub actions: ::core::option::Option<super::super::google::protobuf::Struct>,
    /// Context variable schemas.
    #[prost(message, optional, tag="9")]
    pub context: ::core::option::Option<super::super::google::protobuf::Struct>,
}
/// XStateImplementations maps implementation details for actions, guards, actors.
#[derive(Clone, PartialEq, ::prost::Message)]
pub struct XStateImplementations {
    /// Action implementations keyed by action name.
    #[prost(map="string, message", tag="1")]
    pub actions: ::std::collections::HashMap<::prost::alloc::string::String, XStateActionImpl>,
    /// Guard implementations keyed by guard name.
    #[prost(map="string, message", tag="2")]
    pub guards: ::std::collections::HashMap<::prost::alloc::string::String, XStateGuardImpl>,
    /// Actor implementations keyed by actor name.
    #[prost(map="string, message", tag="3")]
    pub actors: ::std::collections::HashMap<::prost::alloc::string::String, XStateActorImpl>,
}
/// XStateActionImpl describes an action implementation.
#[derive(Clone, PartialEq, ::prost::Message)]
pub struct XStateActionImpl {
    /// Action identifier.
    #[prost(string, tag="1")]
    pub id: ::prost::alloc::string::String,
    /// Display name for the action.
    #[prost(string, tag="2")]
    pub name: ::prost::alloc::string::String,
    /// JavaScript implementation code.
    #[prost(string, tag="3")]
    pub code: ::prost::alloc::string::String,
    /// Parameter schema.
    #[prost(message, optional, tag="4")]
    pub schema: ::core::option::Option<super::super::google::protobuf::Struct>,
    /// Import statements required by this action.
    #[prost(string, repeated, tag="5")]
    pub imports: ::prost::alloc::vec::Vec<::prost::alloc::string::String>,
}
/// XStateGuardImpl describes a guard implementation.
#[derive(Clone, PartialEq, ::prost::Message)]
pub struct XStateGuardImpl {
    /// Guard identifier.
    #[prost(string, tag="1")]
    pub id: ::prost::alloc::string::String,
    /// Display name for the guard.
    #[prost(string, tag="2")]
    pub name: ::prost::alloc::string::String,
    /// Parameter definitions.
    #[prost(message, optional, tag="3")]
    pub params: ::core::option::Option<super::super::google::protobuf::Struct>,
    /// Import statements required by this guard.
    #[prost(string, repeated, tag="4")]
    pub imports: ::prost::alloc::vec::Vec<::prost::alloc::string::String>,
}
/// XStateActorImpl describes an actor implementation.
#[derive(Clone, PartialEq, ::prost::Message)]
pub struct XStateActorImpl {
    /// Actor identifier.
    #[prost(string, tag="1")]
    pub id: ::prost::alloc::string::String,
    /// Display name for the actor.
    #[prost(string, tag="2")]
    pub name: ::prost::alloc::string::String,
    /// Actor kind.
    #[prost(string, tag="3")]
    pub kind: ::prost::alloc::string::String,
    /// Input schema.
    #[prost(message, optional, tag="4")]
    pub input: ::core::option::Option<super::super::google::protobuf::Struct>,
    /// Output schema.
    #[prost(message, optional, tag="5")]
    pub output: ::core::option::Option<super::super::google::protobuf::Struct>,
    /// Import statements required by this actor.
    #[prost(string, repeated, tag="6")]
    pub imports: ::prost::alloc::vec::Vec<::prost::alloc::string::String>,
}
/// TransitionTriggerType classifies how a transition is triggered.
/// Maps to XState eventTypeData.type values.
#[derive(Clone, Copy, Debug, PartialEq, Eq, Hash, PartialOrd, Ord, ::prost::Enumeration)]
#[repr(i32)]
pub enum TransitionTriggerType {
    /// Unspecified trigger type.
    Unspecified = 0,
    /// Regular named event trigger.
    Event = 1,
    /// Eventless/completion transition (always).
    Always = 2,
    /// Delayed transition (after).
    After = 3,
    /// Actor completed successfully (invocation.done).
    InvokeDone = 4,
    /// Actor errored (invocation.error).
    InvokeError = 5,
    /// Child state completed (state.done).
    StateDone = 6,
}
impl TransitionTriggerType {
    /// String value of the enum field names used in the ProtoBuf definition.
    ///
    /// The values are not transformed in any way and thus are considered stable
    /// (if the ProtoBuf definition does not change) and safe for programmatic use.
    pub fn as_str_name(&self) -> &'static str {
        match self {
            Self::Unspecified => "TRANSITION_TRIGGER_TYPE_UNSPECIFIED",
            Self::Event => "TRANSITION_TRIGGER_TYPE_EVENT",
            Self::Always => "TRANSITION_TRIGGER_TYPE_ALWAYS",
            Self::After => "TRANSITION_TRIGGER_TYPE_AFTER",
            Self::InvokeDone => "TRANSITION_TRIGGER_TYPE_INVOKE_DONE",
            Self::InvokeError => "TRANSITION_TRIGGER_TYPE_INVOKE_ERROR",
            Self::StateDone => "TRANSITION_TRIGGER_TYPE_STATE_DONE",
        }
    }
    /// Creates an enum from field names used in the ProtoBuf definition.
    pub fn from_str_name(value: &str) -> ::core::option::Option<Self> {
        match value {
            "TRANSITION_TRIGGER_TYPE_UNSPECIFIED" => Some(Self::Unspecified),
            "TRANSITION_TRIGGER_TYPE_EVENT" => Some(Self::Event),
            "TRANSITION_TRIGGER_TYPE_ALWAYS" => Some(Self::Always),
            "TRANSITION_TRIGGER_TYPE_AFTER" => Some(Self::After),
            "TRANSITION_TRIGGER_TYPE_INVOKE_DONE" => Some(Self::InvokeDone),
            "TRANSITION_TRIGGER_TYPE_INVOKE_ERROR" => Some(Self::InvokeError),
            "TRANSITION_TRIGGER_TYPE_STATE_DONE" => Some(Self::StateDone),
            _ => None,
        }
    }
}
/// Encoded file descriptor set for the `xstate.v1` package
pub const FILE_DESCRIPTOR_SET: &[u8] = &[
    0x0a, 0xdf, 0x6b, 0x0a, 0x16, 0x78, 0x73, 0x74, 0x61, 0x74, 0x65, 0x2f, 0x76, 0x31, 0x2f, 0x78,
    0x73, 0x74, 0x61, 0x74, 0x65, 0x2e, 0x70, 0x72, 0x6f, 0x74, 0x6f, 0x12, 0x09, 0x78, 0x73, 0x74,
    0x61, 0x74, 0x65, 0x2e, 0x76, 0x31, 0x1a, 0x1c, 0x67, 0x6f, 0x6f, 0x67, 0x6c, 0x65, 0x2f, 0x70,
    0x72, 0x6f, 0x74, 0x6f, 0x62, 0x75, 0x66, 0x2f, 0x73, 0x74, 0x72, 0x75, 0x63, 0x74, 0x2e, 0x70,
    0x72, 0x6f, 0x74, 0x6f, 0x1a, 0x1f, 0x67, 0x6f, 0x6f, 0x67, 0x6c, 0x65, 0x2f, 0x70, 0x72, 0x6f,
    0x74, 0x6f, 0x62, 0x75, 0x66, 0x2f, 0x74, 0x69, 0x6d, 0x65, 0x73, 0x74, 0x61, 0x6d, 0x70, 0x2e,
    0x70, 0x72, 0x6f, 0x74, 0x6f, 0x22, 0x97, 0x01, 0x0a, 0x0c, 0x58, 0x53, 0x74, 0x61, 0x74, 0x65,
    0x4c, 0x61, 0x79, 0x6f, 0x75, 0x74, 0x12, 0x2f, 0x0a, 0x08, 0x70, 0x6f, 0x73, 0x69, 0x74, 0x69,
    0x6f, 0x6e, 0x18, 0x01, 0x20, 0x01, 0x28, 0x0b, 0x32, 0x13, 0x2e, 0x78, 0x73, 0x74, 0x61, 0x74,
    0x65, 0x2e, 0x76, 0x31, 0x2e, 0x50, 0x6f, 0x73, 0x69, 0x74, 0x69, 0x6f, 0x6e, 0x52, 0x08, 0x70,
    0x6f, 0x73, 0x69, 0x74, 0x69, 0x6f, 0x6e, 0x12, 0x23, 0x0a, 0x04, 0x73, 0x69, 0x7a, 0x65, 0x18,
    0x02, 0x20, 0x01, 0x28, 0x0b, 0x32, 0x0f, 0x2e, 0x78, 0x73, 0x74, 0x61, 0x74, 0x65, 0x2e, 0x76,
    0x31, 0x2e, 0x53, 0x69, 0x7a, 0x65, 0x52, 0x04, 0x73, 0x69, 0x7a, 0x65, 0x12, 0x14, 0x0a, 0x05,
    0x63, 0x6f, 0x6c, 0x6f, 0x72, 0x18, 0x03, 0x20, 0x01, 0x28, 0x09, 0x52, 0x05, 0x63, 0x6f, 0x6c,
    0x6f, 0x72, 0x12, 0x1b, 0x0a, 0x09, 0x75, 0x6e, 0x69, 0x71, 0x75, 0x65, 0x5f, 0x69, 0x64, 0x18,
    0x04, 0x20, 0x01, 0x28, 0x09, 0x52, 0x08, 0x75, 0x6e, 0x69, 0x71, 0x75, 0x65, 0x49, 0x64, 0x22,
    0x26, 0x0a, 0x08, 0x50, 0x6f, 0x73, 0x69, 0x74, 0x69, 0x6f, 0x6e, 0x12, 0x0c, 0x0a, 0x01, 0x78,
    0x18, 0x01, 0x20, 0x01, 0x28, 0x01, 0x52, 0x01, 0x78, 0x12, 0x0c, 0x0a, 0x01, 0x79, 0x18, 0x02,
    0x20, 0x01, 0x28, 0x01, 0x52, 0x01, 0x79, 0x22, 0x34, 0x0a, 0x04, 0x53, 0x69, 0x7a, 0x65, 0x12,
    0x14, 0x0a, 0x05, 0x77, 0x69, 0x64, 0x74, 0x68, 0x18, 0x01, 0x20, 0x01, 0x28, 0x01, 0x52, 0x05,
    0x77, 0x69, 0x64, 0x74, 0x68, 0x12, 0x16, 0x0a, 0x06, 0x68, 0x65, 0x69, 0x67, 0x68, 0x74, 0x18,
    0x02, 0x20, 0x01, 0x28, 0x01, 0x52, 0x06, 0x68, 0x65, 0x69, 0x67, 0x68, 0x74, 0x22, 0xe3, 0x01,
    0x0a, 0x0f, 0x58, 0x53, 0x74, 0x61, 0x74, 0x65, 0x53, 0x74, 0x61, 0x74, 0x65, 0x44, 0x61, 0x74,
    0x61, 0x12, 0x20, 0x0a, 0x0b, 0x64, 0x65, 0x73, 0x63, 0x72, 0x69, 0x70, 0x74, 0x69, 0x6f, 0x6e,
    0x18, 0x01, 0x20, 0x01, 0x28, 0x09, 0x52, 0x0b, 0x64, 0x65, 0x73, 0x63, 0x72, 0x69, 0x70, 0x74,
    0x69, 0x6f, 0x6e, 0x12, 0x12, 0x0a, 0x04, 0x74, 0x61, 0x67, 0x73, 0x18, 0x02, 0x20, 0x03, 0x28,
    0x09, 0x52, 0x04, 0x74, 0x61, 0x67, 0x73, 0x12, 0x2e, 0x0a, 0x06, 0x61, 0x73, 0x73, 0x65, 0x74,
    0x73, 0x18, 0x03, 0x20, 0x03, 0x28, 0x0b, 0x32, 0x16, 0x2e, 0x78, 0x73, 0x74, 0x61, 0x74, 0x65,
    0x2e, 0x76, 0x31, 0x2e, 0x58, 0x53, 0x74, 0x61, 0x74, 0x65, 0x41, 0x73, 0x73, 0x65, 0x74, 0x52,
    0x06, 0x61, 0x73, 0x73, 0x65, 0x74, 0x73, 0x12, 0x31, 0x0a, 0x07, 0x69, 0x6e, 0x76, 0x6f, 0x6b,
    0x65, 0x73, 0x18, 0x04, 0x20, 0x03, 0x28, 0x0b, 0x32, 0x17, 0x2e, 0x78, 0x73, 0x74, 0x61, 0x74,
    0x65, 0x2e, 0x76, 0x31, 0x2e, 0x58, 0x53, 0x74, 0x61, 0x74, 0x65, 0x49, 0x6e, 0x76, 0x6f, 0x6b,
    0x65, 0x52, 0x07, 0x69, 0x6e, 0x76, 0x6f, 0x6b, 0x65, 0x73, 0x12, 0x37, 0x0a, 0x0c, 0x6d, 0x65,
    0x74, 0x61, 0x5f, 0x65, 0x6e, 0x74, 0x72, 0x69, 0x65, 0x73, 0x18, 0x05, 0x20, 0x03, 0x28, 0x0b,
    0x32, 0x14, 0x2e, 0x78, 0x73, 0x74, 0x61, 0x74, 0x65, 0x2e, 0x76, 0x31, 0x2e, 0x4d, 0x65, 0x74,
    0x61, 0x45, 0x6e, 0x74, 0x72, 0x79, 0x52, 0x0b, 0x6d, 0x65, 0x74, 0x61, 0x45, 0x6e, 0x74, 0x72,
    0x69, 0x65, 0x73, 0x22, 0x99, 0x01, 0x0a, 0x14, 0x58, 0x53, 0x74, 0x61, 0x74, 0x65, 0x54, 0x72,
    0x61, 0x6e, 0x73, 0x69, 0x74, 0x69, 0x6f, 0x6e, 0x44, 0x61, 0x74, 0x61, 0x12, 0x1a, 0x0a, 0x08,
    0x69, 0x6e, 0x74, 0x65, 0x72, 0x6e, 0x61, 0x6c, 0x18, 0x01, 0x20, 0x01, 0x28, 0x08, 0x52, 0x08,
    0x69, 0x6e, 0x74, 0x65, 0x72, 0x6e, 0x61, 0x6c, 0x12, 0x43, 0x0a, 0x0c, 0x74, 0x72, 0x69, 0x67,
    0x67, 0x65, 0x72, 0x5f, 0x74, 0x79, 0x70, 0x65, 0x18, 0x02, 0x20, 0x01, 0x28, 0x0e, 0x32, 0x20,
    0x2e, 0x78, 0x73, 0x74, 0x61, 0x74, 0x65, 0x2e, 0x76, 0x31, 0x2e, 0x54, 0x72, 0x61, 0x6e, 0x73,
    0x69, 0x74, 0x69, 0x6f, 0x6e, 0x54, 0x72, 0x69, 0x67, 0x67, 0x65, 0x72, 0x54, 0x79, 0x70, 0x65,
    0x52, 0x0b, 0x74, 0x72, 0x69, 0x67, 0x67, 0x65, 0x72, 0x54, 0x79, 0x70, 0x65, 0x12, 0x20, 0x0a,
    0x0b, 0x64, 0x65, 0x73, 0x63, 0x72, 0x69, 0x70, 0x74, 0x69, 0x6f, 0x6e, 0x18, 0x03, 0x20, 0x01,
    0x28, 0x09, 0x52, 0x0b, 0x64, 0x65, 0x73, 0x63, 0x72, 0x69, 0x70, 0x74, 0x69, 0x6f, 0x6e, 0x22,
    0xa8, 0x01, 0x0a, 0x0c, 0x58, 0x53, 0x74, 0x61, 0x74, 0x65, 0x49, 0x6e, 0x76, 0x6f, 0x6b, 0x65,
    0x12, 0x0e, 0x0a, 0x02, 0x69, 0x64, 0x18, 0x01, 0x20, 0x01, 0x28, 0x09, 0x52, 0x02, 0x69, 0x64,
    0x12, 0x10, 0x0a, 0x03, 0x73, 0x72, 0x63, 0x18, 0x02, 0x20, 0x01, 0x28, 0x09, 0x52, 0x03, 0x73,
    0x72, 0x63, 0x12, 0x12, 0x0a, 0x04, 0x6b, 0x69, 0x6e, 0x64, 0x18, 0x03, 0x20, 0x01, 0x28, 0x09,
    0x52, 0x04, 0x6b, 0x69, 0x6e, 0x64, 0x12, 0x2d, 0x0a, 0x05, 0x69, 0x6e, 0x70, 0x75, 0x74, 0x18,
    0x04, 0x20, 0x01, 0x28, 0x0b, 0x32, 0x17, 0x2e, 0x67, 0x6f, 0x6f, 0x67, 0x6c, 0x65, 0x2e, 0x70,
    0x72, 0x6f, 0x74, 0x6f, 0x62, 0x75, 0x66, 0x2e, 0x53, 0x74, 0x72, 0x75, 0x63, 0x74, 0x52, 0x05,
    0x69, 0x6e, 0x70, 0x75, 0x74, 0x12, 0x33, 0x0a, 0x08, 0x73, 0x65, 0x74, 0x74, 0x69, 0x6e, 0x67,
    0x73, 0x18, 0x05, 0x20, 0x01, 0x28, 0x0b, 0x32, 0x17, 0x2e, 0x67, 0x6f, 0x6f, 0x67, 0x6c, 0x65,
    0x2e, 0x70, 0x72, 0x6f, 0x74, 0x6f, 0x62, 0x75, 0x66, 0x2e, 0x53, 0x74, 0x72, 0x75, 0x63, 0x74,
    0x52, 0x08, 0x73, 0x65, 0x74, 0x74, 0x69, 0x6e, 0x67, 0x73, 0x22, 0x76, 0x0a, 0x0b, 0x58, 0x53,
    0x74, 0x61, 0x74, 0x65, 0x41, 0x73, 0x73, 0x65, 0x74, 0x12, 0x12, 0x0a, 0x04, 0x6e, 0x61, 0x6d,
    0x65, 0x18, 0x01, 0x20, 0x01, 0x28, 0x09, 0x52, 0x04, 0x6e, 0x61, 0x6d, 0x65, 0x12, 0x1a, 0x0a,
    0x08, 0x74, 0x65, 0x6d, 0x70, 0x6c, 0x61, 0x74, 0x65, 0x18, 0x02, 0x20, 0x01, 0x28, 0x09, 0x52,
    0x08, 0x74, 0x65, 0x6d, 0x70, 0x6c, 0x61, 0x74, 0x65, 0x12, 0x37, 0x0a, 0x0a, 0x70, 0x72, 0x6f,
    0x70, 0x65, 0x72, 0x74, 0x69, 0x65, 0x73, 0x18, 0x03, 0x20, 0x01, 0x28, 0x0b, 0x32, 0x17, 0x2e,
    0x67, 0x6f, 0x6f, 0x67, 0x6c, 0x65, 0x2e, 0x70, 0x72, 0x6f, 0x74, 0x6f, 0x62, 0x75, 0x66, 0x2e,
    0x53, 0x74, 0x72, 0x75, 0x63, 0x74, 0x52, 0x0a, 0x70, 0x72, 0x6f, 0x70, 0x65, 0x72, 0x74, 0x69,
    0x65, 0x73, 0x22, 0x33, 0x0a, 0x09, 0x4d, 0x65, 0x74, 0x61, 0x45, 0x6e, 0x74, 0x72, 0x79, 0x12,
    0x10, 0x0a, 0x03, 0x6b, 0x65, 0x79, 0x18, 0x01, 0x20, 0x01, 0x28, 0x09, 0x52, 0x03, 0x6b, 0x65,
    0x79, 0x12, 0x14, 0x0a, 0x05, 0x76, 0x61, 0x6c, 0x75, 0x65, 0x18, 0x02, 0x20, 0x01, 0x28, 0x09,
    0x52, 0x05, 0x76, 0x61, 0x6c, 0x75, 0x65, 0x22, 0xbd, 0x03, 0x0a, 0x11, 0x58, 0x53, 0x74, 0x61,
    0x74, 0x65, 0x4d, 0x61, 0x63, 0x68, 0x69, 0x6e, 0x65, 0x44, 0x61, 0x74, 0x61, 0x12, 0x0e, 0x0a,
    0x02, 0x69, 0x64, 0x18, 0x01, 0x20, 0x01, 0x28, 0x09, 0x52, 0x02, 0x69, 0x64, 0x12, 0x2c, 0x0a,
    0x12, 0x70, 0x72, 0x6f, 0x6a, 0x65, 0x63, 0x74, 0x5f, 0x76, 0x65, 0x72, 0x73, 0x69, 0x6f, 0x6e,
    0x5f, 0x69, 0x64, 0x18, 0x02, 0x20, 0x01, 0x28, 0x09, 0x52, 0x10, 0x70, 0x72, 0x6f, 0x6a, 0x65,
    0x63, 0x74, 0x56, 0x65, 0x72, 0x73, 0x69, 0x6f, 0x6e, 0x49, 0x64, 0x12, 0x24, 0x0a, 0x0e, 0x66,
    0x6f, 0x72, 0x6b, 0x5f, 0x70, 0x61, 0x72, 0x65, 0x6e, 0x74, 0x5f, 0x69, 0x64, 0x18, 0x03, 0x20,
    0x01, 0x28, 0x09, 0x52, 0x0c, 0x66, 0x6f, 0x72, 0x6b, 0x50, 0x61, 0x72, 0x65, 0x6e, 0x74, 0x49,
    0x64, 0x12, 0x29, 0x0a, 0x11, 0x6c, 0x61, 0x73, 0x74, 0x5f, 0x65, 0x64, 0x69, 0x74, 0x65, 0x64,
    0x5f, 0x62, 0x79, 0x5f, 0x69, 0x64, 0x18, 0x04, 0x20, 0x01, 0x28, 0x09, 0x52, 0x0e, 0x6c, 0x61,
    0x73, 0x74, 0x45, 0x64, 0x69, 0x74, 0x65, 0x64, 0x42, 0x79, 0x49, 0x64, 0x12, 0x23, 0x0a, 0x0d,
    0x6f, 0x72, 0x69, 0x67, 0x69, 0x6e, 0x61, 0x6c, 0x5f, 0x63, 0x6f, 0x64, 0x65, 0x18, 0x05, 0x20,
    0x01, 0x28, 0x09, 0x52, 0x0c, 0x6f, 0x72, 0x69, 0x67, 0x69, 0x6e, 0x61, 0x6c, 0x43, 0x6f, 0x64,
    0x65, 0x12, 0x39, 0x0a, 0x0a, 0x63, 0x72, 0x65, 0x61, 0x74, 0x65, 0x64, 0x5f, 0x61, 0x74, 0x18,
    0x06, 0x20, 0x01, 0x28, 0x0b, 0x32, 0x1a, 0x2e, 0x67, 0x6f, 0x6f, 0x67, 0x6c, 0x65, 0x2e, 0x70,
    0x72, 0x6f, 0x74, 0x6f, 0x62, 0x75, 0x66, 0x2e, 0x54, 0x69, 0x6d, 0x65, 0x73, 0x74, 0x61, 0x6d,
    0x70, 0x52, 0x09, 0x63, 0x72, 0x65, 0x61, 0x74, 0x65, 0x64, 0x41, 0x74, 0x12, 0x39, 0x0a, 0x0a,
    0x75, 0x70, 0x64, 0x61, 0x74, 0x65, 0x64, 0x5f, 0x61, 0x74, 0x18, 0x07, 0x20, 0x01, 0x28, 0x0b,
    0x32, 0x1a, 0x2e, 0x67, 0x6f, 0x6f, 0x67, 0x6c, 0x65, 0x2e, 0x70, 0x72, 0x6f, 0x74, 0x6f, 0x62,
    0x75, 0x66, 0x2e, 0x54, 0x69, 0x6d, 0x65, 0x73, 0x74, 0x61, 0x6d, 0x70, 0x52, 0x09, 0x75, 0x70,
    0x64, 0x61, 0x74, 0x65, 0x64, 0x41, 0x74, 0x12, 0x32, 0x0a, 0x07, 0x73, 0x63, 0x68, 0x65, 0x6d,
    0x61, 0x73, 0x18, 0x08, 0x20, 0x01, 0x28, 0x0b, 0x32, 0x18, 0x2e, 0x78, 0x73, 0x74, 0x61, 0x74,
    0x65, 0x2e, 0x76, 0x31, 0x2e, 0x58, 0x53, 0x74, 0x61, 0x74, 0x65, 0x53, 0x63, 0x68, 0x65, 0x6d,
    0x61, 0x73, 0x52, 0x07, 0x73, 0x63, 0x68, 0x65, 0x6d, 0x61, 0x73, 0x12, 0x4a, 0x0a, 0x0f, 0x69,
    0x6d, 0x70, 0x6c, 0x65, 0x6d, 0x65, 0x6e, 0x74, 0x61, 0x74, 0x69, 0x6f, 0x6e, 0x73, 0x18, 0x09,
    0x20, 0x01, 0x28, 0x0b, 0x32, 0x20, 0x2e, 0x78, 0x73, 0x74, 0x61, 0x74, 0x65, 0x2e, 0x76, 0x31,
    0x2e, 0x58, 0x53, 0x74, 0x61, 0x74, 0x65, 0x49, 0x6d, 0x70, 0x6c, 0x65, 0x6d, 0x65, 0x6e, 0x74,
    0x61, 0x74, 0x69, 0x6f, 0x6e, 0x73, 0x52, 0x0f, 0x69, 0x6d, 0x70, 0x6c, 0x65, 0x6d, 0x65, 0x6e,
    0x74, 0x61, 0x74, 0x69, 0x6f, 0x6e, 0x73, 0x22, 0xc6, 0x03, 0x0a, 0x0d, 0x58, 0x53, 0x74, 0x61,
    0x74, 0x65, 0x53, 0x63, 0x68, 0x65, 0x6d, 0x61, 0x73, 0x12, 0x2b, 0x0a, 0x04, 0x74, 0x61, 0x67,
    0x73, 0x18, 0x01, 0x20, 0x01, 0x28, 0x0b, 0x32, 0x17, 0x2e, 0x67, 0x6f, 0x6f, 0x67, 0x6c, 0x65,
    0x2e, 0x70, 0x72, 0x6f, 0x74, 0x6f, 0x62, 0x75, 0x66, 0x2e, 0x53, 0x74, 0x72, 0x75, 0x63, 0x74,
    0x52, 0x04, 0x74, 0x61, 0x67, 0x73, 0x12, 0x2d, 0x0a, 0x05, 0x69, 0x6e, 0x70, 0x75, 0x74, 0x18,
    0x02, 0x20, 0x01, 0x28, 0x0b, 0x32, 0x17, 0x2e, 0x67, 0x6f, 0x6f, 0x67, 0x6c, 0x65, 0x2e, 0x70,
    0x72, 0x6f, 0x74, 0x6f, 0x62, 0x75, 0x66, 0x2e, 0x53, 0x74, 0x72, 0x75, 0x63, 0x74, 0x52, 0x05,
    0x69, 0x6e, 0x70, 0x75, 0x74, 0x12, 0x2f, 0x0a, 0x06, 0x6f, 0x75, 0x74, 0x70, 0x75, 0x74, 0x18,
    0x03, 0x20, 0x01, 0x28, 0x0b, 0x32, 0x17, 0x2e, 0x67, 0x6f, 0x6f, 0x67, 0x6c, 0x65, 0x2e, 0x70,
    0x72, 0x6f, 0x74, 0x6f, 0x62, 0x75, 0x66, 0x2e, 0x53, 0x74, 0x72, 0x75, 0x63, 0x74, 0x52, 0x06,
    0x6f, 0x75, 0x74, 0x70, 0x75, 0x74, 0x12, 0x2f, 0x0a, 0x06, 0x61, 0x63, 0x74, 0x6f, 0x72, 0x73,
    0x18, 0x04, 0x20, 0x01, 0x28, 0x0b, 0x32, 0x17, 0x2e, 0x67, 0x6f, 0x6f, 0x67, 0x6c, 0x65, 0x2e,
    0x70, 0x72, 0x6f, 0x74, 0x6f, 0x62, 0x75, 0x66, 0x2e, 0x53, 0x74, 0x72, 0x75, 0x63, 0x74, 0x52,
    0x06, 0x61, 0x63, 0x74, 0x6f, 0x72, 0x73, 0x12, 0x2f, 0x0a, 0x06, 0x64, 0x65, 0x6c, 0x61, 0x79,
    0x73, 0x18, 0x05, 0x20, 0x01, 0x28, 0x0b, 0x32, 0x17, 0x2e, 0x67, 0x6f, 0x6f, 0x67, 0x6c, 0x65,
    0x2e, 0x70, 0x72, 0x6f, 0x74, 0x6f, 0x62, 0x75, 0x66, 0x2e, 0x53, 0x74, 0x72, 0x75, 0x63, 0x74,
    0x52, 0x06, 0x64, 0x65, 0x6c, 0x61, 0x79, 0x73, 0x12, 0x2f, 0x0a, 0x06, 0x65, 0x76, 0x65, 0x6e,
    0x74, 0x73, 0x18, 0x06, 0x20, 0x01, 0x28, 0x0b, 0x32, 0x17, 0x2e, 0x67, 0x6f, 0x6f, 0x67, 0x6c,
    0x65, 0x2e, 0x70, 0x72, 0x6f, 0x74, 0x6f, 0x62, 0x75, 0x66, 0x2e, 0x53, 0x74, 0x72, 0x75, 0x63,
    0x74, 0x52, 0x06, 0x65, 0x76, 0x65, 0x6e, 0x74, 0x73, 0x12, 0x2f, 0x0a, 0x06, 0x67, 0x75, 0x61,
    0x72, 0x64, 0x73, 0x18, 0x07, 0x20, 0x01, 0x28, 0x0b, 0x32, 0x17, 0x2e, 0x67, 0x6f, 0x6f, 0x67,
    0x6c, 0x65, 0x2e, 0x70, 0x72, 0x6f, 0x74, 0x6f, 0x62, 0x75, 0x66, 0x2e, 0x53, 0x74, 0x72, 0x75,
    0x63, 0x74, 0x52, 0x06, 0x67, 0x75, 0x61, 0x72, 0x64, 0x73, 0x12, 0x31, 0x0a, 0x07, 0x61, 0x63,
    0x74, 0x69, 0x6f, 0x6e, 0x73, 0x18, 0x08, 0x20, 0x01, 0x28, 0x0b, 0x32, 0x17, 0x2e, 0x67, 0x6f,
    0x6f, 0x67, 0x6c, 0x65, 0x2e, 0x70, 0x72, 0x6f, 0x74, 0x6f, 0x62, 0x75, 0x66, 0x2e, 0x53, 0x74,
    0x72, 0x75, 0x63, 0x74, 0x52, 0x07, 0x61, 0x63, 0x74, 0x69, 0x6f, 0x6e, 0x73, 0x12, 0x31, 0x0a,
    0x07, 0x63, 0x6f, 0x6e, 0x74, 0x65, 0x78, 0x74, 0x18, 0x09, 0x20, 0x01, 0x28, 0x0b, 0x32, 0x17,
    0x2e, 0x67, 0x6f, 0x6f, 0x67, 0x6c, 0x65, 0x2e, 0x70, 0x72, 0x6f, 0x74, 0x6f, 0x62, 0x75, 0x66,
    0x2e, 0x53, 0x74, 0x72, 0x75, 0x63, 0x74, 0x52, 0x07, 0x63, 0x6f, 0x6e, 0x74, 0x65, 0x78, 0x74,
    0x22, 0xf3, 0x03, 0x0a, 0x15, 0x58, 0x53, 0x74, 0x61, 0x74, 0x65, 0x49, 0x6d, 0x70, 0x6c, 0x65,
    0x6d, 0x65, 0x6e, 0x74, 0x61, 0x74, 0x69, 0x6f, 0x6e, 0x73, 0x12, 0x47, 0x0a, 0x07, 0x61, 0x63,
    0x74, 0x69, 0x6f, 0x6e, 0x73, 0x18, 0x01, 0x20, 0x03, 0x28, 0x0b, 0x32, 0x2d, 0x2e, 0x78, 0x73,
    0x74, 0x61, 0x74, 0x65, 0x2e, 0x76, 0x31, 0x2e, 0x58, 0x53, 0x74, 0x61, 0x74, 0x65, 0x49, 0x6d,
    0x70, 0x6c, 0x65, 0x6d, 0x65, 0x6e, 0x74, 0x61, 0x74, 0x69, 0x6f, 0x6e, 0x73, 0x2e, 0x41, 0x63,
    0x74, 0x69, 0x6f, 0x6e, 0x73, 0x45, 0x6e, 0x74, 0x72, 0x79, 0x52, 0x07, 0x61, 0x63, 0x74, 0x69,
    0x6f, 0x6e, 0x73, 0x12, 0x44, 0x0a, 0x06, 0x67, 0x75, 0x61, 0x72, 0x64, 0x73, 0x18, 0x02, 0x20,
    0x03, 0x28, 0x0b, 0x32, 0x2c, 0x2e, 0x78, 0x73, 0x74, 0x61, 0x74, 0x65, 0x2e, 0x76, 0x31, 0x2e,
    0x58, 0x53, 0x74, 0x61, 0x74, 0x65, 0x49, 0x6d, 0x70, 0x6c, 0x65, 0x6d, 0x65, 0x6e, 0x74, 0x61,
    0x74, 0x69, 0x6f, 0x6e, 0x73, 0x2e, 0x47, 0x75, 0x61, 0x72, 0x64, 0x73, 0x45, 0x6e, 0x74, 0x72,
    0x79, 0x52, 0x06, 0x67, 0x75, 0x61, 0x72, 0x64, 0x73, 0x12, 0x44, 0x0a, 0x06, 0x61, 0x63, 0x74,
    0x6f, 0x72, 0x73, 0x18, 0x03, 0x20, 0x03, 0x28, 0x0b, 0x32, 0x2c, 0x2e, 0x78, 0x73, 0x74, 0x61,
    0x74, 0x65, 0x2e, 0x76, 0x31, 0x2e, 0x58, 0x53, 0x74, 0x61, 0x74, 0x65, 0x49, 0x6d, 0x70, 0x6c,
    0x65, 0x6d, 0x65, 0x6e, 0x74, 0x61, 0x74, 0x69, 0x6f, 0x6e, 0x73, 0x2e, 0x41, 0x63, 0x74, 0x6f,
    0x72, 0x73, 0x45, 0x6e, 0x74, 0x72, 0x79, 0x52, 0x06, 0x61, 0x63, 0x74, 0x6f, 0x72, 0x73, 0x1a,
    0x57, 0x0a, 0x0c, 0x41, 0x63, 0x74, 0x69, 0x6f, 0x6e, 0x73, 0x45, 0x6e, 0x74, 0x72, 0x79, 0x12,
    0x10, 0x0a, 0x03, 0x6b, 0x65, 0x79, 0x18, 0x01, 0x20, 0x01, 0x28, 0x09, 0x52, 0x03, 0x6b, 0x65,
    0x79, 0x12, 0x31, 0x0a, 0x05, 0x76, 0x61, 0x6c, 0x75, 0x65, 0x18, 0x02, 0x20, 0x01, 0x28, 0x0b,
    0x32, 0x1b, 0x2e, 0x78, 0x73, 0x74, 0x61, 0x74, 0x65, 0x2e, 0x76, 0x31, 0x2e, 0x58, 0x53, 0x74,
    0x61, 0x74, 0x65, 0x41, 0x63, 0x74, 0x69, 0x6f, 0x6e, 0x49, 0x6d, 0x70, 0x6c, 0x52, 0x05, 0x76,
    0x61, 0x6c, 0x75, 0x65, 0x3a, 0x02, 0x38, 0x01, 0x1a, 0x55, 0x0a, 0x0b, 0x47, 0x75, 0x61, 0x72,
    0x64, 0x73, 0x45, 0x6e, 0x74, 0x72, 0x79, 0x12, 0x10, 0x0a, 0x03, 0x6b, 0x65, 0x79, 0x18, 0x01,
    0x20, 0x01, 0x28, 0x09, 0x52, 0x03, 0x6b, 0x65, 0x79, 0x12, 0x30, 0x0a, 0x05, 0x76, 0x61, 0x6c,
    0x75, 0x65, 0x18, 0x02, 0x20, 0x01, 0x28, 0x0b, 0x32, 0x1a, 0x2e, 0x78, 0x73, 0x74, 0x61, 0x74,
    0x65, 0x2e, 0x76, 0x31, 0x2e, 0x58, 0x53, 0x74, 0x61, 0x74, 0x65, 0x47, 0x75, 0x61, 0x72, 0x64,
    0x49, 0x6d, 0x70, 0x6c, 0x52, 0x05, 0x76, 0x61, 0x6c, 0x75, 0x65, 0x3a, 0x02, 0x38, 0x01, 0x1a,
    0x55, 0x0a, 0x0b, 0x41, 0x63, 0x74, 0x6f, 0x72, 0x73, 0x45, 0x6e, 0x74, 0x72, 0x79, 0x12, 0x10,
    0x0a, 0x03, 0x6b, 0x65, 0x79, 0x18, 0x01, 0x20, 0x01, 0x28, 0x09, 0x52, 0x03, 0x6b, 0x65, 0x79,
    0x12, 0x30, 0x0a, 0x05, 0x76, 0x61, 0x6c, 0x75, 0x65, 0x18, 0x02, 0x20, 0x01, 0x28, 0x0b, 0x32,
    0x1a, 0x2e, 0x78, 0x73, 0x74, 0x61, 0x74, 0x65, 0x2e, 0x76, 0x31, 0x2e, 0x58, 0x53, 0x74, 0x61,
    0x74, 0x65, 0x41, 0x63, 0x74, 0x6f, 0x72, 0x49, 0x6d, 0x70, 0x6c, 0x52, 0x05, 0x76, 0x61, 0x6c,
    0x75, 0x65, 0x3a, 0x02, 0x38, 0x01, 0x22, 0x95, 0x01, 0x0a, 0x10, 0x58, 0x53, 0x74, 0x61, 0x74,
    0x65, 0x41, 0x63, 0x74, 0x69, 0x6f, 0x6e, 0x49, 0x6d, 0x70, 0x6c, 0x12, 0x0e, 0x0a, 0x02, 0x69,
    0x64, 0x18, 0x01, 0x20, 0x01, 0x28, 0x09, 0x52, 0x02, 0x69, 0x64, 0x12, 0x12, 0x0a, 0x04, 0x6e,
    0x61, 0x6d, 0x65, 0x18, 0x02, 0x20, 0x01, 0x28, 0x09, 0x52, 0x04, 0x6e, 0x61, 0x6d, 0x65, 0x12,
    0x12, 0x0a, 0x04, 0x63, 0x6f, 0x64, 0x65, 0x18, 0x03, 0x20, 0x01, 0x28, 0x09, 0x52, 0x04, 0x63,
    0x6f, 0x64, 0x65, 0x12, 0x2f, 0x0a, 0x06, 0x73, 0x63, 0x68, 0x65, 0x6d, 0x61, 0x18, 0x04, 0x20,
    0x01, 0x28, 0x0b, 0x32, 0x17, 0x2e, 0x67, 0x6f, 0x6f, 0x67, 0x6c, 0x65, 0x2e, 0x70, 0x72, 0x6f,
    0x74, 0x6f, 0x62, 0x75, 0x66, 0x2e, 0x53, 0x74, 0x72, 0x75, 0x63, 0x74, 0x52, 0x06, 0x73, 0x63,
    0x68, 0x65, 0x6d, 0x61, 0x12, 0x18, 0x0a, 0x07, 0x69, 0x6d, 0x70, 0x6f, 0x72, 0x74, 0x73, 0x18,
    0x05, 0x20, 0x03, 0x28, 0x09, 0x52, 0x07, 0x69, 0x6d, 0x70, 0x6f, 0x72, 0x74, 0x73, 0x22, 0x80,
    0x01, 0x0a, 0x0f, 0x58, 0x53, 0x74, 0x61, 0x74, 0x65, 0x47, 0x75, 0x61, 0x72, 0x64, 0x49, 0x6d,
    0x70, 0x6c, 0x12, 0x0e, 0x0a, 0x02, 0x69, 0x64, 0x18, 0x01, 0x20, 0x01, 0x28, 0x09, 0x52, 0x02,
    0x69, 0x64, 0x12, 0x12, 0x0a, 0x04, 0x6e, 0x61, 0x6d, 0x65, 0x18, 0x02, 0x20, 0x01, 0x28, 0x09,
    0x52, 0x04, 0x6e, 0x61, 0x6d, 0x65, 0x12, 0x2f, 0x0a, 0x06, 0x70, 0x61, 0x72, 0x61, 0x6d, 0x73,
    0x18, 0x03, 0x20, 0x01, 0x28, 0x0b, 0x32, 0x17, 0x2e, 0x67, 0x6f, 0x6f, 0x67, 0x6c, 0x65, 0x2e,
    0x70, 0x72, 0x6f, 0x74, 0x6f, 0x62, 0x75, 0x66, 0x2e, 0x53, 0x74, 0x72, 0x75, 0x63, 0x74, 0x52,
    0x06, 0x70, 0x61, 0x72, 0x61, 0x6d, 0x73, 0x12, 0x18, 0x0a, 0x07, 0x69, 0x6d, 0x70, 0x6f, 0x72,
    0x74, 0x73, 0x18, 0x04, 0x20, 0x03, 0x28, 0x09, 0x52, 0x07, 0x69, 0x6d, 0x70, 0x6f, 0x72, 0x74,
    0x73, 0x22, 0xc3, 0x01, 0x0a, 0x0f, 0x58, 0x53, 0x74, 0x61, 0x74, 0x65, 0x41, 0x63, 0x74, 0x6f,
    0x72, 0x49, 0x6d, 0x70, 0x6c, 0x12, 0x0e, 0x0a, 0x02, 0x69, 0x64, 0x18, 0x01, 0x20, 0x01, 0x28,
    0x09, 0x52, 0x02, 0x69, 0x64, 0x12, 0x12, 0x0a, 0x04, 0x6e, 0x61, 0x6d, 0x65, 0x18, 0x02, 0x20,
    0x01, 0x28, 0x09, 0x52, 0x04, 0x6e, 0x61, 0x6d, 0x65, 0x12, 0x12, 0x0a, 0x04, 0x6b, 0x69, 0x6e,
    0x64, 0x18, 0x03, 0x20, 0x01, 0x28, 0x09, 0x52, 0x04, 0x6b, 0x69, 0x6e, 0x64, 0x12, 0x2d, 0x0a,
    0x05, 0x69, 0x6e, 0x70, 0x75, 0x74, 0x18, 0x04, 0x20, 0x01, 0x28, 0x0b, 0x32, 0x17, 0x2e, 0x67,
    0x6f, 0x6f, 0x67, 0x6c, 0x65, 0x2e, 0x70, 0x72, 0x6f, 0x74, 0x6f, 0x62, 0x75, 0x66, 0x2e, 0x53,
    0x74, 0x72, 0x75, 0x63, 0x74, 0x52, 0x05, 0x69, 0x6e, 0x70, 0x75, 0x74, 0x12, 0x2f, 0x0a, 0x06,
    0x6f, 0x75, 0x74, 0x70, 0x75, 0x74, 0x18, 0x05, 0x20, 0x01, 0x28, 0x0b, 0x32, 0x17, 0x2e, 0x67,
    0x6f, 0x6f, 0x67, 0x6c, 0x65, 0x2e, 0x70, 0x72, 0x6f, 0x74, 0x6f, 0x62, 0x75, 0x66, 0x2e, 0x53,
    0x74, 0x72, 0x75, 0x63, 0x74, 0x52, 0x06, 0x6f, 0x75, 0x74, 0x70, 0x75, 0x74, 0x12, 0x18, 0x0a,
    0x07, 0x69, 0x6d, 0x70, 0x6f, 0x72, 0x74, 0x73, 0x18, 0x06, 0x20, 0x03, 0x28, 0x09, 0x52, 0x07,
    0x69, 0x6d, 0x70, 0x6f, 0x72, 0x74, 0x73, 0x2a, 0xa5, 0x02, 0x0a, 0x15, 0x54, 0x72, 0x61, 0x6e,
    0x73, 0x69, 0x74, 0x69, 0x6f, 0x6e, 0x54, 0x72, 0x69, 0x67, 0x67, 0x65, 0x72, 0x54, 0x79, 0x70,
    0x65, 0x12, 0x27, 0x0a, 0x23, 0x54, 0x52, 0x41, 0x4e, 0x53, 0x49, 0x54, 0x49, 0x4f, 0x4e, 0x5f,
    0x54, 0x52, 0x49, 0x47, 0x47, 0x45, 0x52, 0x5f, 0x54, 0x59, 0x50, 0x45, 0x5f, 0x55, 0x4e, 0x53,
    0x50, 0x45, 0x43, 0x49, 0x46, 0x49, 0x45, 0x44, 0x10, 0x00, 0x12, 0x21, 0x0a, 0x1d, 0x54, 0x52,
    0x41, 0x4e, 0x53, 0x49, 0x54, 0x49, 0x4f, 0x4e, 0x5f, 0x54, 0x52, 0x49, 0x47, 0x47, 0x45, 0x52,
    0x5f, 0x54, 0x59, 0x50, 0x45, 0x5f, 0x45, 0x56, 0x45, 0x4e, 0x54, 0x10, 0x01, 0x12, 0x22, 0x0a,
    0x1e, 0x54, 0x52, 0x41, 0x4e, 0x53, 0x49, 0x54, 0x49, 0x4f, 0x4e, 0x5f, 0x54, 0x52, 0x49, 0x47,
    0x47, 0x45, 0x52, 0x5f, 0x54, 0x59, 0x50, 0x45, 0x5f, 0x41, 0x4c, 0x57, 0x41, 0x59, 0x53, 0x10,
    0x02, 0x12, 0x21, 0x0a, 0x1d, 0x54, 0x52, 0x41, 0x4e, 0x53, 0x49, 0x54, 0x49, 0x4f, 0x4e, 0x5f,
    0x54, 0x52, 0x49, 0x47, 0x47, 0x45, 0x52, 0x5f, 0x54, 0x59, 0x50, 0x45, 0x5f, 0x41, 0x46, 0x54,
    0x45, 0x52, 0x10, 0x03, 0x12, 0x27, 0x0a, 0x23, 0x54, 0x52, 0x41, 0x4e, 0x53, 0x49, 0x54, 0x49,
    0x4f, 0x4e, 0x5f, 0x54, 0x52, 0x49, 0x47, 0x47, 0x45, 0x52, 0x5f, 0x54, 0x59, 0x50, 0x45, 0x5f,
    0x49, 0x4e, 0x56, 0x4f, 0x4b, 0x45, 0x5f, 0x44, 0x4f, 0x4e, 0x45, 0x10, 0x04, 0x12, 0x28, 0x0a,
    0x24, 0x54, 0x52, 0x41, 0x4e, 0x53, 0x49, 0x54, 0x49, 0x4f, 0x4e, 0x5f, 0x54, 0x52, 0x49, 0x47,
    0x47, 0x45, 0x52, 0x5f, 0x54, 0x59, 0x50, 0x45, 0x5f, 0x49, 0x4e, 0x56, 0x4f, 0x4b, 0x45, 0x5f,
    0x45, 0x52, 0x52, 0x4f, 0x52, 0x10, 0x05, 0x12, 0x26, 0x0a, 0x22, 0x54, 0x52, 0x41, 0x4e, 0x53,
    0x49, 0x54, 0x49, 0x4f, 0x4e, 0x5f, 0x54, 0x52, 0x49, 0x47, 0x47, 0x45, 0x52, 0x5f, 0x54, 0x59,
    0x50, 0x45, 0x5f, 0x53, 0x54, 0x41, 0x54, 0x45, 0x5f, 0x44, 0x4f, 0x4e, 0x45, 0x10, 0x06, 0x42,
    0x87, 0x01, 0x0a, 0x0d, 0x63, 0x6f, 0x6d, 0x2e, 0x78, 0x73, 0x74, 0x61, 0x74, 0x65, 0x2e, 0x76,
    0x31, 0x42, 0x0b, 0x58, 0x73, 0x74, 0x61, 0x74, 0x65, 0x50, 0x72, 0x6f, 0x74, 0x6f, 0x50, 0x01,
    0x5a, 0x24, 0x67, 0x69, 0x74, 0x68, 0x75, 0x62, 0x2e, 0x63, 0x6f, 0x6d, 0x2f, 0x74, 0x6d, 0x63,
    0x2f, 0x73, 0x63, 0x2f, 0x78, 0x73, 0x74, 0x61, 0x74, 0x65, 0x2f, 0x76, 0x31, 0x3b, 0x78, 0x73,
    0x74, 0x61, 0x74, 0x65, 0x76, 0x31, 0xa2, 0x02, 0x03, 0x58, 0x58, 0x58, 0xaa, 0x02, 0x09, 0x58,
    0x73, 0x74, 0x61, 0x74, 0x65, 0x2e, 0x56, 0x31, 0xca, 0x02, 0x09, 0x58, 0x73, 0x74, 0x61, 0x74,
    0x65, 0x5c, 0x56, 0x31, 0xe2, 0x02, 0x15, 0x58, 0x73, 0x74, 0x61, 0x74, 0x65, 0x5c, 0x56, 0x31,
    0x5c, 0x47, 0x50, 0x42, 0x4d, 0x65, 0x74, 0x61, 0x64, 0x61, 0x74, 0x61, 0xea, 0x02, 0x0a, 0x58,
    0x73, 0x74, 0x61, 0x74, 0x65, 0x3a, 0x3a, 0x56, 0x31, 0x4a, 0x8e, 0x51, 0x0a, 0x07, 0x12, 0x05,
    0x00, 0x00, 0xf9, 0x01, 0x01, 0x0a, 0x08, 0x0a, 0x01, 0x0c, 0x12, 0x03, 0x00, 0x00, 0x12, 0x0a,
    0x08, 0x0a, 0x01, 0x02, 0x12, 0x03, 0x02, 0x00, 0x12, 0x0a, 0x09, 0x0a, 0x02, 0x03, 0x00, 0x12,
    0x03, 0x06, 0x00, 0x26, 0x0a, 0x09, 0x0a, 0x02, 0x03, 0x01, 0x12, 0x03, 0x07, 0x00, 0x29, 0x0a,
    0xfe, 0x08, 0x0a, 0x02, 0x04, 0x00, 0x12, 0x04, 0x23, 0x00, 0x2c, 0x01, 0x1a, 0x74, 0x20, 0x58,
    0x53, 0x74, 0x61, 0x74, 0x65, 0x4c, 0x61, 0x79, 0x6f, 0x75, 0x74, 0x20, 0x63, 0x61, 0x70, 0x74,
    0x75, 0x72, 0x65, 0x73, 0x20, 0x76, 0x69, 0x73, 0x75, 0x61, 0x6c, 0x20, 0x70, 0x6f, 0x73, 0x69,
    0x74, 0x69, 0x6f, 0x6e, 0x69, 0x6e, 0x67, 0x20, 0x66, 0x6f, 0x72, 0x20, 0x65, 0x64, 0x69, 0x74,
    0x6f, 0x72, 0x20, 0x64, 0x69, 0x73, 0x70, 0x6c, 0x61, 0x79, 0x2e, 0x0a, 0x20, 0x53, 0x74, 0x6f,
    0x72, 0x65, 0x64, 0x20, 0x69, 0x6e, 0x20, 0x53, 0x74, 0x61, 0x74, 0x65, 0x2e, 0x65, 0x78, 0x74,
    0x65, 0x6e, 0x73, 0x69, 0x6f, 0x6e, 0x73, 0x20, 0x6f, 0x72, 0x20, 0x54, 0x72, 0x61, 0x6e, 0x73,
    0x69, 0x74, 0x69, 0x6f, 0x6e, 0x2e, 0x65, 0x78, 0x74, 0x65, 0x6e, 0x73, 0x69, 0x6f, 0x6e, 0x73,
    0x2e, 0x0a, 0x32, 0xb3, 0x06, 0x20, 0x3d, 0x3d, 0x3d, 0x3d, 0x3d, 0x3d, 0x3d, 0x3d, 0x3d, 0x3d,
    0x3d, 0x3d, 0x3d, 0x3d, 0x3d, 0x3d, 0x3d, 0x3d, 0x3d, 0x3d, 0x3d, 0x3d, 0x3d, 0x3d, 0x3d, 0x3d,
    0x3d, 0x3d, 0x3d, 0x3d, 0x3d, 0x3d, 0x3d, 0x3d, 0x3d, 0x3d, 0x3d, 0x3d, 0x3d, 0x3d, 0x3d, 0x3d,
    0x3d, 0x3d, 0x3d, 0x3d, 0x3d, 0x3d, 0x3d, 0x3d, 0x3d, 0x3d, 0x3d, 0x3d, 0x3d, 0x3d, 0x3d, 0x3d,
    0x3d, 0x3d, 0x3d, 0x3d, 0x3d, 0x3d, 0x3d, 0x3d, 0x3d, 0x3d, 0x3d, 0x3d, 0x3d, 0x3d, 0x3d, 0x3d,
    0x3d, 0x0a, 0x20, 0x58, 0x53, 0x54, 0x41, 0x54, 0x45, 0x2f, 0x53, 0x54, 0x41, 0x54, 0x45, 0x4c,
    0x59, 0x20, 0x45, 0x58, 0x54, 0x45, 0x4e, 0x53, 0x49, 0x4f, 0x4e, 0x20, 0x54, 0x59, 0x50, 0x45,
    0x53, 0x0a, 0x0a, 0x20, 0x54, 0x68, 0x69, 0x73, 0x20, 0x66, 0x69, 0x6c, 0x65, 0x20, 0x64, 0x65,
    0x66, 0x69, 0x6e, 0x65, 0x73, 0x20, 0x74, 0x79, 0x70, 0x65, 0x64, 0x20, 0x65, 0x78, 0x74, 0x65,
    0x6e, 0x73, 0x69, 0x6f, 0x6e, 0x20, 0x6d, 0x65, 0x73, 0x73, 0x61, 0x67, 0x65, 0x73, 0x20, 0x66,
    0x6f, 0x72, 0x20, 0x58, 0x53, 0x74, 0x61, 0x74, 0x65, 0x2f, 0x53, 0x74, 0x61, 0x74, 0x65, 0x6c,
    0x79, 0x20, 0x6d, 0x65, 0x74, 0x61, 0x64, 0x61, 0x74, 0x61, 0x2e, 0x0a, 0x20, 0x54, 0x68, 0x65,
    0x73, 0x65, 0x20, 0x74, 0x79, 0x70, 0x65, 0x73, 0x20, 0x61, 0x72, 0x65, 0x20, 0x73, 0x74, 0x6f,
    0x72, 0x65, 0x64, 0x20, 0x69, 0x6e, 0x20, 0x74, 0x68, 0x65, 0x20, 0x60, 0x65, 0x78, 0x74, 0x65,
    0x6e, 0x73, 0x69, 0x6f, 0x6e, 0x73, 0x60, 0x20, 0x66, 0x69, 0x65, 0x6c, 0x64, 0x20, 0x6f, 0x66,
    0x20, 0x53, 0x74, 0x61, 0x74, 0x65, 0x20, 0x61, 0x6e, 0x64, 0x20, 0x54, 0x72, 0x61, 0x6e, 0x73,
    0x69, 0x74, 0x69, 0x6f, 0x6e, 0x0a, 0x20, 0x6d, 0x65, 0x73, 0x73, 0x61, 0x67, 0x65, 0x73, 0x20,
    0x66, 0x72, 0x6f, 0x6d, 0x20, 0x74, 0x68, 0x65, 0x20, 0x63, 0x6f, 0x72, 0x65, 0x20, 0x73, 0x74,
    0x61, 0x74, 0x65, 0x63, 0x68, 0x61, 0x72, 0x74, 0x73, 0x2e, 0x70, 0x72, 0x6f, 0x74, 0x6f, 0x20,
    0x73, 0x63, 0x68, 0x65, 0x6d, 0x61, 0x2e, 0x0a, 0x0a, 0x20, 0x44, 0x45, 0x53, 0x49, 0x47, 0x4e,
    0x20, 0x52, 0x41, 0x54, 0x49, 0x4f, 0x4e, 0x41, 0x4c, 0x45, 0x3a, 0x0a, 0x20, 0x2d, 0x20, 0x4b,
    0x65, 0x65, 0x70, 0x20, 0x63, 0x6f, 0x72, 0x65, 0x20, 0x73, 0x74, 0x61, 0x74, 0x65, 0x63, 0x68,
    0x61, 0x72, 0x74, 0x73, 0x2e, 0x70, 0x72, 0x6f, 0x74, 0x6f, 0x20, 0x70, 0x75, 0x72, 0x65, 0x20,
    0x48, 0x61, 0x72, 0x65, 0x6c, 0x20, 0x66, 0x6f, 0x72, 0x6d, 0x61, 0x6c, 0x69, 0x73, 0x6d, 0x0a,
    0x20, 0x2d, 0x20, 0x58, 0x53, 0x74, 0x61, 0x74, 0x65, 0x2d, 0x73, 0x70, 0x65, 0x63, 0x69, 0x66,
    0x69, 0x63, 0x20, 0x63, 0x6f, 0x6e, 0x63, 0x65, 0x70, 0x74, 0x73, 0x20, 0x28, 0x76, 0x69, 0x73,
    0x75, 0x61, 0x6c, 0x20, 0x6c, 0x61, 0x79, 0x6f, 0x75, 0x74, 0x2c, 0x20, 0x69, 0x6e, 0x76, 0x6f,
    0x6b, 0x65, 0x2c, 0x20, 0x61, 0x73, 0x73, 0x65, 0x74, 0x73, 0x29, 0x20, 0x6c, 0x69, 0x76, 0x65,
    0x20, 0x68, 0x65, 0x72, 0x65, 0x0a, 0x20, 0x2d, 0x20, 0x45, 0x6e, 0x61, 0x62, 0x6c, 0x65, 0x20,
    0x66, 0x75, 0x6c, 0x6c, 0x20, 0x72, 0x6f, 0x75, 0x6e, 0x64, 0x2d, 0x74, 0x72, 0x69, 0x70, 0x20,
    0x66, 0x69, 0x64, 0x65, 0x6c, 0x69, 0x74, 0x79, 0x20, 0x77, 0x69, 0x74, 0x68, 0x20, 0x58, 0x53,
    0x74, 0x61, 0x74, 0x65, 0x2f, 0x53, 0x74, 0x61, 0x74, 0x65, 0x6c, 0x79, 0x20, 0x65, 0x64, 0x69,
    0x74, 0x6f, 0x72, 0x0a, 0x0a, 0x20, 0x55, 0x53, 0x41, 0x47, 0x45, 0x3a, 0x0a, 0x20, 0x50, 0x61,
    0x63, 0x6b, 0x20, 0x74, 0x68, 0x65, 0x73, 0x65, 0x20, 0x6d, 0x65, 0x73, 0x73, 0x61, 0x67, 0x65,
    0x73, 0x20, 0x69, 0x6e, 0x74, 0x6f, 0x20, 0x53, 0x74, 0x61, 0x74, 0x65, 0x2e, 0x65, 0x78, 0x74,
    0x65, 0x6e, 0x73, 0x69, 0x6f, 0x6e, 0x73, 0x20, 0x6f, 0x72, 0x20, 0x54, 0x72, 0x61, 0x6e, 0x73,
    0x69, 0x74, 0x69, 0x6f, 0x6e, 0x2e, 0x65, 0x78, 0x74, 0x65, 0x6e, 0x73, 0x69, 0x6f, 0x6e, 0x73,
    0x0a, 0x20, 0x75, 0x73, 0x69, 0x6e, 0x67, 0x20, 0x67, 0x6f, 0x6f, 0x67, 0x6c, 0x65, 0x2e, 0x70,
    0x72, 0x6f, 0x74, 0x6f, 0x62, 0x75, 0x66, 0x2e, 0x41, 0x6e, 0x79, 0x3a, 0x0a, 0x0a, 0x20, 0x20,
    0x20, 0x6c, 0x61, 0x79, 0x6f, 0x75, 0x74, 0x20, 0x3a, 0x3d, 0x20, 0x26, 0x78, 0x73, 0x74, 0x61,
    0x74, 0x65, 0x70, 0x62, 0x2e, 0x58, 0x53, 0x74, 0x61, 0x74, 0x65, 0x4c, 0x61, 0x79, 0x6f, 0x75,
    0x74, 0x7b, 0x2e, 0x2e, 0x2e, 0x7d, 0x0a, 0x20, 0x20, 0x20, 0x61, 0x6e, 0x79, 0x2c, 0x20, 0x5f,
    0x20, 0x3a, 0x3d, 0x20, 0x61, 0x6e, 0x79, 0x70, 0x62, 0x2e, 0x4e, 0x65, 0x77, 0x28, 0x6c, 0x61,
    0x79, 0x6f, 0x75, 0x74, 0x29, 0x0a, 0x20, 0x20, 0x20, 0x73, 0x74, 0x61, 0x74, 0x65, 0x2e, 0x45,
    0x78, 0x74, 0x65, 0x6e, 0x73, 0x69, 0x6f, 0x6e, 0x73, 0x20, 0x3d, 0x20, 0x61, 0x70, 0x70, 0x65,
    0x6e, 0x64, 0x28, 0x73, 0x74, 0x61, 0x74, 0x65, 0x2e, 0x45, 0x78, 0x74, 0x65, 0x6e, 0x73, 0x69,
    0x6f, 0x6e, 0x73, 0x2c, 0x20, 0x61, 0x6e, 0x79, 0x29, 0x0a, 0x0a, 0x20, 0x3d, 0x3d, 0x3d, 0x3d,
    0x3d, 0x3d, 0x3d, 0x3d, 0x3d, 0x3d, 0x3d, 0x3d, 0x3d, 0x3d, 0x3d, 0x3d, 0x3d, 0x3d, 0x3d, 0x3d,
    0x3d, 0x3d, 0x3d, 0x3d, 0x3d, 0x3d, 0x3d, 0x3d, 0x3d, 0x3d, 0x3d, 0x3d, 0x3d, 0x3d, 0x3d, 0x3d,
    0x3d, 0x3d, 0x3d, 0x3d, 0x3d, 0x3d, 0x3d, 0x3d, 0x3d, 0x3d, 0x3d, 0x3d, 0x3d, 0x3d, 0x3d, 0x3d,
    0x3d, 0x3d, 0x3d, 0x3d, 0x3d, 0x3d, 0x3d, 0x3d, 0x3d, 0x3d, 0x3d, 0x3d, 0x3d, 0x3d, 0x3d, 0x3d,
    0x3d, 0x3d, 0x3d, 0x3d, 0x3d, 0x3d, 0x3d, 0x0a, 0x32, 0xc5, 0x01, 0x20, 0xe2, 0x94, 0x80, 0xe2,
    0x94, 0x80, 0xe2, 0x94, 0x80, 0xe2, 0x94, 0x80, 0xe2, 0x94, 0x80, 0xe2, 0x94, 0x80, 0xe2, 0x94,
    0x80, 0xe2, 0x94, 0x80, 0xe2, 0x94, 0x80, 0xe2, 0x94, 0x80, 0xe2, 0x94, 0x80, 0xe2, 0x94, 0x80,
    0xe2, 0x94, 0x80, 0xe2, 0x94, 0x80, 0xe2, 0x94, 0x80, 0xe2, 0x94, 0x80, 0xe2, 0x94, 0x80, 0xe2,
    0x94, 0x80, 0xe2, 0x94, 0x80, 0xe2, 0x94, 0x80, 0xe2, 0x94, 0x80, 0xe2, 0x94, 0x80, 0xe2, 0x94,
    0x80, 0xe2, 0x94, 0x80, 0xe2, 0x94, 0x80, 0xe2, 0x94, 0x80, 0xe2, 0x94, 0x80, 0x20, 0x56, 0x69,
    0x73, 0x75, 0x61, 0x6c, 0x20, 0x4c, 0x61, 0x79, 0x6f, 0x75, 0x74, 0x20, 0xe2, 0x94, 0x80, 0xe2,
    0x94, 0x80, 0xe2, 0x94, 0x80, 0xe2, 0x94, 0x80, 0xe2, 0x94, 0x80, 0xe2, 0x94, 0x80, 0xe2, 0x94,
    0x80, 0xe2, 0x94, 0x80, 0xe2, 0x94, 0x80, 0xe2, 0x94, 0x80, 0xe2, 0x94, 0x80, 0xe2, 0x94, 0x80,
    0xe2, 0x94, 0x80, 0xe2, 0x94, 0x80, 0xe2, 0x94, 0x80, 0xe2, 0x94, 0x80, 0xe2, 0x94, 0x80, 0xe2,
    0x94, 0x80, 0xe2, 0x94, 0x80, 0xe2, 0x94, 0x80, 0xe2, 0x94, 0x80, 0xe2, 0x94, 0x80, 0xe2, 0x94,
    0x80, 0xe2, 0x94, 0x80, 0xe2, 0x94, 0x80, 0xe2, 0x94, 0x80, 0xe2, 0x94, 0x80, 0xe2, 0x94, 0x80,
    0xe2, 0x94, 0x80, 0xe2, 0x94, 0x80, 0xe2, 0x94, 0x80, 0xe2, 0x94, 0x80, 0xe2, 0x94, 0x80, 0x0a,
    0x0a, 0x0a, 0x0a, 0x03, 0x04, 0x00, 0x01, 0x12, 0x03, 0x23, 0x08, 0x14, 0x0a, 0x34, 0x0a, 0x04,
    0x04, 0x00, 0x02, 0x00, 0x12, 0x03, 0x25, 0x02, 0x18, 0x1a, 0x27, 0x20, 0x78, 0x2c, 0x79, 0x20,
    0x63, 0x6f, 0x6f, 0x72, 0x64, 0x69, 0x6e, 0x61, 0x74, 0x65, 0x73, 0x20, 0x6f, 0x6e, 0x20, 0x74,
    0x68, 0x65, 0x20, 0x65, 0x64, 0x69, 0x74, 0x6f, 0x72, 0x20, 0x63, 0x61, 0x6e, 0x76, 0x61, 0x73,
    0x2e, 0x0a, 0x0a, 0x0c, 0x0a, 0x05, 0x04, 0x00, 0x02, 0x00, 0x06, 0x12, 0x03, 0x25, 0x02, 0x0a,
    0x0a, 0x0c, 0x0a, 0x05, 0x04, 0x00, 0x02, 0x00, 0x01, 0x12, 0x03, 0x25, 0x0b, 0x13, 0x0a, 0x0c,
    0x0a, 0x05, 0x04, 0x00, 0x02, 0x00, 0x03, 0x12, 0x03, 0x25, 0x16, 0x17, 0x0a, 0x2b, 0x0a, 0x04,
    0x04, 0x00, 0x02, 0x01, 0x12, 0x03, 0x27, 0x02, 0x10, 0x1a, 0x1e, 0x20, 0x57, 0x69, 0x64, 0x74,
    0x68, 0x20, 0x61, 0x6e, 0x64, 0x20, 0x68, 0x65, 0x69, 0x67, 0x68, 0x74, 0x20, 0x64, 0x69, 0x6d,
    0x65, 0x6e, 0x73, 0x69, 0x6f, 0x6e, 0x73, 0x2e, 0x0a, 0x0a, 0x0c, 0x0a, 0x05, 0x04, 0x00, 0x02,
    0x01, 0x06, 0x12, 0x03, 0x27, 0x02, 0x06, 0x0a, 0x0c, 0x0a, 0x05, 0x04, 0x00, 0x02, 0x01, 0x01,
    0x12, 0x03, 0x27, 0x07, 0x0b, 0x0a, 0x0c, 0x0a, 0x05, 0x04, 0x00, 0x02, 0x01, 0x03, 0x12, 0x03,
    0x27, 0x0e, 0x0f, 0x0a, 0x4b, 0x0a, 0x04, 0x04, 0x00, 0x02, 0x02, 0x12, 0x03, 0x29, 0x02, 0x13,
    0x1a, 0x3e, 0x20, 0x56, 0x69, 0x73, 0x75, 0x61, 0x6c, 0x20, 0x63, 0x6f, 0x6c, 0x6f, 0x72, 0x20,
    0x68, 0x69, 0x6e, 0x74, 0x3a, 0x20, 0x62, 0x6c, 0x75, 0x65, 0x2c, 0x20, 0x67, 0x72, 0x65, 0x65,
    0x6e, 0x2c, 0x20, 0x6f, 0x72, 0x61, 0x6e, 0x67, 0x65, 0x2c, 0x20, 0x70, 0x75, 0x72, 0x70, 0x6c,
    0x65, 0x2c, 0x20, 0x72, 0x65, 0x64, 0x2c, 0x20, 0x79, 0x65, 0x6c, 0x6c, 0x6f, 0x77, 0x2e, 0x0a,
    0x0a, 0x0c, 0x0a, 0x05, 0x04, 0x00, 0x02, 0x02, 0x05, 0x12, 0x03, 0x29, 0x02, 0x08, 0x0a, 0x0c,
    0x0a, 0x05, 0x04, 0x00, 0x02, 0x02, 0x01, 0x12, 0x03, 0x29, 0x09, 0x0e, 0x0a, 0x0c, 0x0a, 0x05,
    0x04, 0x00, 0x02, 0x02, 0x03, 0x12, 0x03, 0x29, 0x11, 0x12, 0x0a, 0x3a, 0x0a, 0x04, 0x04, 0x00,
    0x02, 0x03, 0x12, 0x03, 0x2b, 0x02, 0x17, 0x1a, 0x2d, 0x20, 0x49, 0x6e, 0x74, 0x65, 0x72, 0x6e,
    0x61, 0x6c, 0x20, 0x65, 0x64, 0x69, 0x74, 0x6f, 0x72, 0x2d, 0x61, 0x73, 0x73, 0x69, 0x67, 0x6e,
    0x65, 0x64, 0x20, 0x75, 0x6e, 0x69, 0x71, 0x75, 0x65, 0x20, 0x69, 0x64, 0x65, 0x6e, 0x74, 0x69,
    0x66, 0x69, 0x65, 0x72, 0x2e, 0x0a, 0x0a, 0x0c, 0x0a, 0x05, 0x04, 0x00, 0x02, 0x03, 0x05, 0x12,
    0x03, 0x2b, 0x02, 0x08, 0x0a, 0x0c, 0x0a, 0x05, 0x04, 0x00, 0x02, 0x03, 0x01, 0x12, 0x03, 0x2b,
    0x09, 0x12, 0x0a, 0x0c, 0x0a, 0x05, 0x04, 0x00, 0x02, 0x03, 0x03, 0x12, 0x03, 0x2b, 0x15, 0x16,
    0x0a, 0x47, 0x0a, 0x02, 0x04, 0x01, 0x12, 0x04, 0x2f, 0x00, 0x34, 0x01, 0x1a, 0x3b, 0x20, 0x50,
    0x6f, 0x73, 0x69, 0x74, 0x69, 0x6f, 0x6e, 0x20, 0x72, 0x65, 0x70, 0x72, 0x65, 0x73, 0x65, 0x6e,
    0x74, 0x73, 0x20, 0x78, 0x2c, 0x79, 0x20, 0x63, 0x6f, 0x6f, 0x72, 0x64, 0x69, 0x6e, 0x61, 0x74,
    0x65, 0x73, 0x20, 0x69, 0x6e, 0x20, 0x74, 0x68, 0x65, 0x20, 0x65, 0x64, 0x69, 0x74, 0x6f, 0x72,
    0x20, 0x63, 0x61, 0x6e, 0x76, 0x61, 0x73, 0x2e, 0x0a, 0x0a, 0x0a, 0x0a, 0x03, 0x04, 0x01, 0x01,
    0x12, 0x03, 0x2f, 0x08, 0x10, 0x0a, 0x23, 0x0a, 0x04, 0x04, 0x01, 0x02, 0x00, 0x12, 0x03, 0x31,
    0x02, 0x0f, 0x1a, 0x16, 0x20, 0x48, 0x6f, 0x72, 0x69, 0x7a, 0x6f, 0x6e, 0x74, 0x61, 0x6c, 0x20,
    0x70, 0x6f, 0x73, 0x69, 0x74, 0x69, 0x6f, 0x6e, 0x2e, 0x0a, 0x0a, 0x0c, 0x0a, 0x05, 0x04, 0x01,
    0x02, 0x00, 0x05, 0x12, 0x03, 0x31, 0x02, 0x08, 0x0a, 0x0c, 0x0a, 0x05, 0x04, 0x01, 0x02, 0x00,
    0x01, 0x12, 0x03, 0x31, 0x09, 0x0a, 0x0a, 0x0c, 0x0a, 0x05, 0x04, 0x01, 0x02, 0x00, 0x03, 0x12,
    0x03, 0x31, 0x0d, 0x0e, 0x0a, 0x21, 0x0a, 0x04, 0x04, 0x01, 0x02, 0x01, 0x12, 0x03, 0x33, 0x02,
    0x0f, 0x1a, 0x14, 0x20, 0x56, 0x65, 0x72, 0x74, 0x69, 0x63, 0x61, 0x6c, 0x20, 0x70, 0x6f, 0x73,
    0x69, 0x74, 0x69, 0x6f, 0x6e, 0x2e, 0x0a, 0x0a, 0x0c, 0x0a, 0x05, 0x04, 0x01, 0x02, 0x01, 0x05,
    0x12, 0x03, 0x33, 0x02, 0x08, 0x0a, 0x0c, 0x0a, 0x05, 0x04, 0x01, 0x02, 0x01, 0x01, 0x12, 0x03,
    0x33, 0x09, 0x0a, 0x0a, 0x0c, 0x0a, 0x05, 0x04, 0x01, 0x02, 0x01, 0x03, 0x12, 0x03, 0x33, 0x0d,
    0x0e, 0x0a, 0x3a, 0x0a, 0x02, 0x04, 0x02, 0x12, 0x04, 0x37, 0x00, 0x3c, 0x01, 0x1a, 0x2e, 0x20,
    0x53, 0x69, 0x7a, 0x65, 0x20, 0x72, 0x65, 0x70, 0x72, 0x65, 0x73, 0x65, 0x6e, 0x74, 0x73, 0x20,
    0x77, 0x69, 0x64, 0x74, 0x68, 0x20, 0x61, 0x6e, 0x64, 0x20, 0x68, 0x65, 0x69, 0x67, 0x68, 0x74,
    0x20, 0x64, 0x69, 0x6d, 0x65, 0x6e, 0x73, 0x69, 0x6f, 0x6e, 0x73, 0x2e, 0x0a, 0x0a, 0x0a, 0x0a,
    0x03, 0x04, 0x02, 0x01, 0x12, 0x03, 0x37, 0x08, 0x0c, 0x0a, 0x1f, 0x0a, 0x04, 0x04, 0x02, 0x02,
    0x00, 0x12, 0x03, 0x39, 0x02, 0x13, 0x1a, 0x12, 0x20, 0x57, 0x69, 0x64, 0x74, 0x68, 0x20, 0x69,
    0x6e, 0x20, 0x70, 0x69, 0x78, 0x65, 0x6c, 0x73, 0x2e, 0x0a, 0x0a, 0x0c, 0x0a, 0x05, 0x04, 0x02,
    0x02, 0x00, 0x05, 0x12, 0x03, 0x39, 0x02, 0x08, 0x0a, 0x0c, 0x0a, 0x05, 0x04, 0x02, 0x02, 0x00,
    0x01, 0x12, 0x03, 0x39, 0x09, 0x0e, 0x0a, 0x0c, 0x0a, 0x05, 0x04, 0x02, 0x02, 0x00, 0x03, 0x12,
    0x03, 0x39, 0x11, 0x12, 0x0a, 0x20, 0x0a, 0x04, 0x04, 0x02, 0x02, 0x01, 0x12, 0x03, 0x3b, 0x02,
    0x14, 0x1a, 0x13, 0x20, 0x48, 0x65, 0x69, 0x67, 0x68, 0x74, 0x20, 0x69, 0x6e, 0x20, 0x70, 0x69,
    0x78, 0x65, 0x6c, 0x73, 0x2e, 0x0a, 0x0a, 0x0c, 0x0a, 0x05, 0x04, 0x02, 0x02, 0x01, 0x05, 0x12,
    0x03, 0x3b, 0x02, 0x08, 0x0a, 0x0c, 0x0a, 0x05, 0x04, 0x02, 0x02, 0x01, 0x01, 0x12, 0x03, 0x3b,
    0x09, 0x0f, 0x0a, 0x0c, 0x0a, 0x05, 0x04, 0x02, 0x02, 0x01, 0x03, 0x12, 0x03, 0x3b, 0x12, 0x13,
    0x0a, 0xab, 0x02, 0x0a, 0x02, 0x04, 0x03, 0x12, 0x04, 0x42, 0x00, 0x4d, 0x01, 0x1a, 0x59, 0x20,
    0x58, 0x53, 0x74, 0x61, 0x74, 0x65, 0x53, 0x74, 0x61, 0x74, 0x65, 0x44, 0x61, 0x74, 0x61, 0x20,
    0x63, 0x61, 0x70, 0x74, 0x75, 0x72, 0x65, 0x73, 0x20, 0x58, 0x53, 0x74, 0x61, 0x74, 0x65, 0x2d,
    0x73, 0x70, 0x65, 0x63, 0x69, 0x66, 0x69, 0x63, 0x20, 0x73, 0x74, 0x61, 0x74, 0x65, 0x20, 0x70,
    0x72, 0x6f, 0x70, 0x65, 0x72, 0x74, 0x69, 0x65, 0x73, 0x2e, 0x0a, 0x20, 0x53, 0x74, 0x6f, 0x72,
    0x65, 0x64, 0x20, 0x69, 0x6e, 0x20, 0x53, 0x74, 0x61, 0x74, 0x65, 0x2e, 0x65, 0x78, 0x74, 0x65,
    0x6e, 0x73, 0x69, 0x6f, 0x6e, 0x73, 0x2e, 0x0a, 0x32, 0xc3, 0x01, 0x20, 0xe2, 0x94, 0x80, 0xe2,
    0x94, 0x80, 0xe2, 0x94, 0x80, 0xe2, 0x94, 0x80, 0xe2, 0x94, 0x80, 0xe2, 0x94, 0x80, 0xe2, 0x94,
    0x80, 0xe2, 0x94, 0x80, 0xe2, 0x94, 0x80, 0xe2, 0x94, 0x80, 0xe2, 0x94, 0x80, 0xe2, 0x94, 0x80,
    0xe2, 0x94, 0x80, 0xe2, 0x94, 0x80, 0xe2, 0x94, 0x80, 0xe2, 0x94, 0x80, 0xe2, 0x94, 0x80, 0xe2,
    0x94, 0x80, 0xe2, 0x94, 0x80, 0xe2, 0x94, 0x80, 0xe2, 0x94, 0x80, 0xe2, 0x94, 0x80, 0xe2, 0x94,
    0x80, 0xe2, 0x94, 0x80, 0xe2, 0x94, 0x80, 0xe2, 0x94, 0x80, 0xe2, 0x94, 0x80, 0x20, 0x53, 0x74,
    0x61, 0x74, 0x65, 0x20, 0x4d, 0x65, 0x74, 0x61, 0x64, 0x61, 0x74, 0x61, 0x20, 0xe2, 0x94, 0x80,
    0xe2, 0x94, 0x80, 0xe2, 0x94, 0x80, 0xe2, 0x94, 0x80, 0xe2, 0x94, 0x80, 0xe2, 0x94, 0x80, 0xe2,
    0x94, 0x80, 0xe2, 0x94, 0x80, 0xe2, 0x94, 0x80, 0xe2, 0x94, 0x80, 0xe2, 0x94, 0x80, 0xe2, 0x94,
    0x80, 0xe2, 0x94, 0x80, 0xe2, 0x94, 0x80, 0xe2, 0x94, 0x80, 0xe2, 0x94, 0x80, 0xe2, 0x94, 0x80,
    0xe2, 0x94, 0x80, 0xe2, 0x94, 0x80, 0xe2, 0x94, 0x80, 0xe2, 0x94, 0x80, 0xe2, 0x94, 0x80, 0xe2,
    0x94, 0x80, 0xe2, 0x94, 0x80, 0xe2, 0x94, 0x80, 0xe2, 0x94, 0x80, 0xe2, 0x94, 0x80, 0xe2, 0x94,
    0x80, 0xe2, 0x94, 0x80, 0xe2, 0x94, 0x80, 0xe2, 0x94, 0x80, 0xe2, 0x94, 0x80, 0x0a, 0x0a, 0x0a,
    0x0a, 0x03, 0x04, 0x03, 0x01, 0x12, 0x03, 0x42, 0x08, 0x17, 0x0a, 0x3c, 0x0a, 0x04, 0x04, 0x03,
    0x02, 0x00, 0x12, 0x03, 0x44, 0x02, 0x19, 0x1a, 0x2f, 0x20, 0x4e, 0x61, 0x74, 0x75, 0x72, 0x61,
    0x6c, 0x20, 0x6c, 0x61, 0x6e, 0x67, 0x75, 0x61, 0x67, 0x65, 0x20, 0x64, 0x6f, 0x63, 0x75, 0x6d,
    0x65, 0x6e, 0x74, 0x61, 0x74, 0x69, 0x6f, 0x6e, 0x20, 0x66, 0x6f, 0x72, 0x20, 0x74, 0x68, 0x65,
    0x20, 0x73, 0x74, 0x61, 0x74, 0x65, 0x2e, 0x0a, 0x0a, 0x0c, 0x0a, 0x05, 0x04, 0x03, 0x02, 0x00,
    0x05, 0x12, 0x03, 0x44, 0x02, 0x08, 0x0a, 0x0c, 0x0a, 0x05, 0x04, 0x03, 0x02, 0x00, 0x01, 0x12,
    0x03, 0x44, 0x09, 0x14, 0x0a, 0x0c, 0x0a, 0x05, 0x04, 0x03, 0x02, 0x00, 0x03, 0x12, 0x03, 0x44,
    0x17, 0x18, 0x0a, 0x3a, 0x0a, 0x04, 0x04, 0x03, 0x02, 0x01, 0x12, 0x03, 0x46, 0x02, 0x1b, 0x1a,
    0x2d, 0x20, 0x53, 0x74, 0x61, 0x74, 0x65, 0x20, 0x74, 0x61, 0x67, 0x73, 0x20, 0x66, 0x6f, 0x72,
    0x20, 0x6d, 0x61, 0x74, 0x63, 0x68, 0x69, 0x6e, 0x67, 0x20, 0x61, 0x6e, 0x64, 0x20, 0x63, 0x61,
    0x74, 0x65, 0x67, 0x6f, 0x72, 0x69, 0x7a, 0x61, 0x74, 0x69, 0x6f, 0x6e, 0x2e, 0x0a, 0x0a, 0x0c,
    0x0a, 0x05, 0x04, 0x03, 0x02, 0x01, 0x04, 0x12, 0x03, 0x46, 0x02, 0x0a, 0x0a, 0x0c, 0x0a, 0x05,
    0x04, 0x03, 0x02, 0x01, 0x05, 0x12, 0x03, 0x46, 0x0b, 0x11, 0x0a, 0x0c, 0x0a, 0x05, 0x04, 0x03,
    0x02, 0x01, 0x01, 0x12, 0x03, 0x46, 0x12, 0x16, 0x0a, 0x0c, 0x0a, 0x05, 0x04, 0x03, 0x02, 0x01,
    0x03, 0x12, 0x03, 0x46, 0x19, 0x1a, 0x0a, 0x49, 0x0a, 0x04, 0x04, 0x03, 0x02, 0x02, 0x12, 0x03,
    0x48, 0x02, 0x22, 0x1a, 0x3c, 0x20, 0x56, 0x69, 0x73, 0x75, 0x61, 0x6c, 0x20, 0x61, 0x73, 0x73,
    0x65, 0x74, 0x73, 0x20, 0x61, 0x74, 0x74, 0x61, 0x63, 0x68, 0x65, 0x64, 0x20, 0x74, 0x6f, 0x20,
    0x74, 0x68, 0x65, 0x20, 0x73, 0x74, 0x61, 0x74, 0x65, 0x20, 0x28, 0x46, 0x69, 0x67, 0x6d, 0x61,
    0x20, 0x6c, 0x69, 0x6e, 0x6b, 0x73, 0x2c, 0x20, 0x69, 0x6d, 0x61, 0x67, 0x65, 0x73, 0x29, 0x2e,
    0x0a, 0x0a, 0x0c, 0x0a, 0x05, 0x04, 0x03, 0x02, 0x02, 0x04, 0x12, 0x03, 0x48, 0x02, 0x0a, 0x0a,
    0x0c, 0x0a, 0x05, 0x04, 0x03, 0x02, 0x02, 0x06, 0x12, 0x03, 0x48, 0x0b, 0x16, 0x0a, 0x0c, 0x0a,
    0x05, 0x04, 0x03, 0x02, 0x02, 0x01, 0x12, 0x03, 0x48, 0x17, 0x1d, 0x0a, 0x0c, 0x0a, 0x05, 0x04,
    0x03, 0x02, 0x02, 0x03, 0x12, 0x03, 0x48, 0x20, 0x21, 0x0a, 0x44, 0x0a, 0x04, 0x04, 0x03, 0x02,
    0x03, 0x12, 0x03, 0x4a, 0x02, 0x24, 0x1a, 0x37, 0x20, 0x41, 0x63, 0x74, 0x6f, 0x72, 0x20, 0x69,
    0x6e, 0x76, 0x6f, 0x63, 0x61, 0x74, 0x69, 0x6f, 0x6e, 0x73, 0x20, 0x74, 0x68, 0x61, 0x74, 0x20,
    0x72, 0x75, 0x6e, 0x20, 0x77, 0x68, 0x69, 0x6c, 0x65, 0x20, 0x74, 0x68, 0x65, 0x20, 0x73, 0x74,
    0x61, 0x74, 0x65, 0x20, 0x69, 0x73, 0x20, 0x61, 0x63, 0x74, 0x69, 0x76, 0x65, 0x2e, 0x0a, 0x0a,
    0x0c, 0x0a, 0x05, 0x04, 0x03, 0x02, 0x03, 0x04, 0x12, 0x03, 0x4a, 0x02, 0x0a, 0x0a, 0x0c, 0x0a,
    0x05, 0x04, 0x03, 0x02, 0x03, 0x06, 0x12, 0x03, 0x4a, 0x0b, 0x17, 0x0a, 0x0c, 0x0a, 0x05, 0x04,
    0x03, 0x02, 0x03, 0x01, 0x12, 0x03, 0x4a, 0x18, 0x1f, 0x0a, 0x0c, 0x0a, 0x05, 0x04, 0x03, 0x02,
    0x03, 0x03, 0x12, 0x03, 0x4a, 0x22, 0x23, 0x0a, 0x32, 0x0a, 0x04, 0x04, 0x03, 0x02, 0x04, 0x12,
    0x03, 0x4c, 0x02, 0x26, 0x1a, 0x25, 0x20, 0x41, 0x72, 0x62, 0x69, 0x74, 0x72, 0x61, 0x72, 0x79,
    0x20, 0x6b, 0x65, 0x79, 0x2d, 0x76, 0x61, 0x6c, 0x75, 0x65, 0x20, 0x6d, 0x65, 0x74, 0x61, 0x64,
    0x61, 0x74, 0x61, 0x20, 0x70, 0x61, 0x69, 0x72, 0x73, 0x2e, 0x0a, 0x0a, 0x0c, 0x0a, 0x05, 0x04,
    0x03, 0x02, 0x04, 0x04, 0x12, 0x03, 0x4c, 0x02, 0x0a, 0x0a, 0x0c, 0x0a, 0x05, 0x04, 0x03, 0x02,
    0x04, 0x06, 0x12, 0x03, 0x4c, 0x0b, 0x14, 0x0a, 0x0c, 0x0a, 0x05, 0x04, 0x03, 0x02, 0x04, 0x01,
    0x12, 0x03, 0x4c, 0x15, 0x21, 0x0a, 0x0c, 0x0a, 0x05, 0x04, 0x03, 0x02, 0x04, 0x03, 0x12, 0x03,
    0x4c, 0x24, 0x25, 0x0a, 0xb0, 0x02, 0x0a, 0x02, 0x04, 0x04, 0x12, 0x04, 0x53, 0x00, 0x5a, 0x01,
    0x1a, 0x68, 0x20, 0x58, 0x53, 0x74, 0x61, 0x74, 0x65, 0x54, 0x72, 0x61, 0x6e, 0x73, 0x69, 0x74,
    0x69, 0x6f, 0x6e, 0x44, 0x61, 0x74, 0x61, 0x20, 0x63, 0x61, 0x70, 0x74, 0x75, 0x72, 0x65, 0x73,
    0x20, 0x58, 0x53, 0x74, 0x61, 0x74, 0x65, 0x2d, 0x73, 0x70, 0x65, 0x63, 0x69, 0x66, 0x69, 0x63,
    0x20, 0x74, 0x72, 0x61, 0x6e, 0x73, 0x69, 0x74, 0x69, 0x6f, 0x6e, 0x20, 0x70, 0x72, 0x6f, 0x70,
    0x65, 0x72, 0x74, 0x69, 0x65, 0x73, 0x2e, 0x0a, 0x20, 0x53, 0x74, 0x6f, 0x72, 0x65, 0x64, 0x20,
    0x69, 0x6e, 0x20, 0x54, 0x72, 0x61, 0x6e, 0x73, 0x69, 0x74, 0x69, 0x6f, 0x6e, 0x2e, 0x65, 0x78,
    0x74, 0x65, 0x6e, 0x73, 0x69, 0x6f, 0x6e, 0x73, 0x2e, 0x0a, 0x32, 0xb9, 0x01, 0x20, 0xe2, 0x94,
    0x80, 0xe2, 0x94, 0x80, 0xe2, 0x94, 0x80, 0xe2, 0x94, 0x80, 0xe2, 0x94, 0x80, 0xe2, 0x94, 0x80,
    0xe2, 0x94, 0x80, 0xe2, 0x94, 0x80, 0xe2, 0x94, 0x80, 0xe2, 0x94, 0x80, 0xe2, 0x94, 0x80, 0xe2,
    0x94, 0x80, 0xe2, 0x94, 0x80, 0xe2, 0x94, 0x80, 0xe2, 0x94, 0x80, 0xe2, 0x94, 0x80, 0xe2, 0x94,
    0x80, 0xe2, 0x94, 0x80, 0xe2, 0x94, 0x80, 0xe2, 0x94, 0x80, 0xe2, 0x94, 0x80, 0xe2, 0x94, 0x80,
    0xe2, 0x94, 0x80, 0xe2, 0x94, 0x80, 0xe2, 0x94, 0x80, 0xe2, 0x94, 0x80, 0xe2, 0x94, 0x80, 0x20,
    0x54, 0x72, 0x61, 0x6e, 0x73, 0x69, 0x74, 0x69, 0x6f, 0x6e, 0x20, 0x4d, 0x65, 0x74, 0x61, 0x64,
    0x61, 0x74, 0x61, 0x20, 0xe2, 0x94, 0x80, 0xe2, 0x94, 0x80, 0xe2, 0x94, 0x80, 0xe2, 0x94, 0x80,
    0xe2, 0x94, 0x80, 0xe2, 0x94, 0x80, 0xe2, 0x94, 0x80, 0xe2, 0x94, 0x80, 0xe2, 0x94, 0x80, 0xe2,
    0x94, 0x80, 0xe2, 0x94, 0x80, 0xe2, 0x94, 0x80, 0xe2, 0x94, 0x80, 0xe2, 0x94, 0x80, 0xe2, 0x94,
    0x80, 0xe2, 0x94, 0x80, 0xe2, 0x94, 0x80, 0xe2, 0x94, 0x80, 0xe2, 0x94, 0x80, 0xe2, 0x94, 0x80,
    0xe2, 0x94, 0x80, 0xe2, 0x94, 0x80, 0xe2, 0x94, 0x80, 0xe2, 0x94, 0x80, 0xe2, 0x94, 0x80, 0xe2,
    0x94, 0x80, 0xe2, 0x94, 0x80, 0x0a, 0x0a, 0x0a, 0x0a, 0x03, 0x04, 0x04, 0x01, 0x12, 0x03, 0x53,
    0x08, 0x1c, 0x0a, 0x4d, 0x0a, 0x04, 0x04, 0x04, 0x02, 0x00, 0x12, 0x03, 0x55, 0x02, 0x14, 0x1a,
    0x40, 0x20, 0x49, 0x6e, 0x74, 0x65, 0x72, 0x6e, 0x61, 0x6c, 0x20, 0x74, 0x72, 0x61, 0x6e, 0x73,
    0x69, 0x74, 0x69, 0x6f, 0x6e, 0x20, 0x66, 0x6c, 0x61, 0x67, 0x20, 0x28, 0x73, 0x6b, 0x69, 0x70,
    0x73, 0x20, 0x65, 0x6e, 0x74, 0x72, 0x79, 0x2f, 0x65, 0x78, 0x69, 0x74, 0x20, 0x61, 0x63, 0x74,
    0x69, 0x6f, 0x6e, 0x73, 0x20, 0x77, 0x68, 0x65, 0x6e, 0x20, 0x74, 0x72, 0x75, 0x65, 0x29, 0x2e,
    0x0a, 0x0a, 0x0c, 0x0a, 0x05, 0x04, 0x04, 0x02, 0x00, 0x05, 0x12, 0x03, 0x55, 0x02, 0x06, 0x0a,
    0x0c, 0x0a, 0x05, 0x04, 0x04, 0x02, 0x00, 0x01, 0x12, 0x03, 0x55, 0x07, 0x0f, 0x0a, 0x0c, 0x0a,
    0x05, 0x04, 0x04, 0x02, 0x00, 0x03, 0x12, 0x03, 0x55, 0x12, 0x13, 0x0a, 0x41, 0x0a, 0x04, 0x04,
    0x04, 0x02, 0x01, 0x12, 0x03, 0x57, 0x02, 0x29, 0x1a, 0x34, 0x20, 0x43, 0x6c, 0x61, 0x73, 0x73,
    0x69, 0x66, 0x69, 0x63, 0x61, 0x74, 0x69, 0x6f, 0x6e, 0x20, 0x6f, 0x66, 0x20, 0x68, 0x6f, 0x77,
    0x20, 0x74, 0x68, 0x65, 0x20, 0x74, 0x72, 0x61, 0x6e, 0x73, 0x69, 0x74, 0x69, 0x6f, 0x6e, 0x20,
    0x69, 0x73, 0x20, 0x74, 0x72, 0x69, 0x67, 0x67, 0x65, 0x72, 0x65, 0x64, 0x2e, 0x0a, 0x0a, 0x0c,
    0x0a, 0x05, 0x04, 0x04, 0x02, 0x01, 0x06, 0x12, 0x03, 0x57, 0x02, 0x17, 0x0a, 0x0c, 0x0a, 0x05,
    0x04, 0x04, 0x02, 0x01, 0x01, 0x12, 0x03, 0x57, 0x18, 0x24, 0x0a, 0x0c, 0x0a, 0x05, 0x04, 0x04,
    0x02, 0x01, 0x03, 0x12, 0x03, 0x57, 0x27, 0x28, 0x0a, 0x30, 0x0a, 0x04, 0x04, 0x04, 0x02, 0x02,
    0x12, 0x03, 0x59, 0x02, 0x19, 0x1a, 0x23, 0x20, 0x44, 0x6f, 0x63, 0x75, 0x6d, 0x65, 0x6e, 0x74,
    0x61, 0x74, 0x69, 0x6f, 0x6e, 0x20, 0x66, 0x6f, 0x72, 0x20, 0x74, 0x68, 0x65, 0x20, 0x74, 0x72,
    0x61, 0x6e, 0x73, 0x69, 0x74, 0x69, 0x6f, 0x6e, 0x2e, 0x0a, 0x0a, 0x0c, 0x0a, 0x05, 0x04, 0x04,
    0x02, 0x02, 0x05, 0x12, 0x03, 0x59, 0x02, 0x08, 0x0a, 0x0c, 0x0a, 0x05, 0x04, 0x04, 0x02, 0x02,
    0x01, 0x12, 0x03, 0x59, 0x09, 0x14, 0x0a, 0x0c, 0x0a, 0x05, 0x04, 0x04, 0x02, 0x02, 0x03, 0x12,
    0x03, 0x59, 0x17, 0x18, 0x0a, 0x78, 0x0a, 0x02, 0x05, 0x00, 0x12, 0x04, 0x5e, 0x00, 0x6d, 0x01,
    0x1a, 0x6c, 0x20, 0x54, 0x72, 0x61, 0x6e, 0x73, 0x69, 0x74, 0x69, 0x6f, 0x6e, 0x54, 0x72, 0x69,
    0x67, 0x67, 0x65, 0x72, 0x54, 0x79, 0x70, 0x65, 0x20, 0x63, 0x6c, 0x61, 0x73, 0x73, 0x69, 0x66,
    0x69, 0x65, 0x73, 0x20, 0x68, 0x6f, 0x77, 0x20, 0x61, 0x20, 0x74, 0x72, 0x61, 0x6e, 0x73, 0x69,
    0x74, 0x69, 0x6f, 0x6e, 0x20, 0x69, 0x73, 0x20, 0x74, 0x72, 0x69, 0x67, 0x67, 0x65, 0x72, 0x65,
    0x64, 0x2e, 0x0a, 0x20, 0x4d, 0x61, 0x70, 0x73, 0x20, 0x74, 0x6f, 0x20, 0x58, 0x53, 0x74, 0x61,
    0x74, 0x65, 0x20, 0x65, 0x76, 0x65, 0x6e, 0x74, 0x54, 0x79, 0x70, 0x65, 0x44, 0x61, 0x74, 0x61,
    0x2e, 0x74, 0x79, 0x70, 0x65, 0x20, 0x76, 0x61, 0x6c, 0x75, 0x65, 0x73, 0x2e, 0x0a, 0x0a, 0x0a,
    0x0a, 0x03, 0x05, 0x00, 0x01, 0x12, 0x03, 0x5e, 0x05, 0x1a, 0x0a, 0x28, 0x0a, 0x04, 0x05, 0x00,
    0x02, 0x00, 0x12, 0x03, 0x60, 0x02, 0x2a, 0x1a, 0x1b, 0x20, 0x55, 0x6e, 0x73, 0x70, 0x65, 0x63,
    0x69, 0x66, 0x69, 0x65, 0x64, 0x20, 0x74, 0x72, 0x69, 0x67, 0x67, 0x65, 0x72, 0x20, 0x74, 0x79,
    0x70, 0x65, 0x2e, 0x0a, 0x0a, 0x0c, 0x0a, 0x05, 0x05, 0x00, 0x02, 0x00, 0x01, 0x12, 0x03, 0x60,
    0x02, 0x25, 0x0a, 0x0c, 0x0a, 0x05, 0x05, 0x00, 0x02, 0x00, 0x02, 0x12, 0x03, 0x60, 0x28, 0x29,
    0x0a, 0x2b, 0x0a, 0x04, 0x05, 0x00, 0x02, 0x01, 0x12, 0x03, 0x62, 0x02, 0x24, 0x1a, 0x1e, 0x20,
    0x52, 0x65, 0x67, 0x75, 0x6c, 0x61, 0x72, 0x20, 0x6e, 0x61, 0x6d, 0x65, 0x64, 0x20, 0x65, 0x76,
    0x65, 0x6e, 0x74, 0x20, 0x74, 0x72, 0x69, 0x67, 0x67, 0x65, 0x72, 0x2e, 0x0a, 0x0a, 0x0c, 0x0a,
    0x05, 0x05, 0x00, 0x02, 0x01, 0x01, 0x12, 0x03, 0x62, 0x02, 0x1f, 0x0a, 0x0c, 0x0a, 0x05, 0x05,
    0x00, 0x02, 0x01, 0x02, 0x12, 0x03, 0x62, 0x22, 0x23, 0x0a, 0x38, 0x0a, 0x04, 0x05, 0x00, 0x02,
    0x02, 0x12, 0x03, 0x64, 0x02, 0x25, 0x1a, 0x2b, 0x20, 0x45, 0x76, 0x65, 0x6e, 0x74, 0x6c, 0x65,
    0x73, 0x73, 0x2f, 0x63, 0x6f, 0x6d, 0x70, 0x6c, 0x65, 0x74, 0x69, 0x6f, 0x6e, 0x20, 0x74, 0x72,
    0x61, 0x6e, 0x73, 0x69, 0x74, 0x69, 0x6f, 0x6e, 0x20, 0x28, 0x61, 0x6c, 0x77, 0x61, 0x79, 0x73,
    0x29, 0x2e, 0x0a, 0x0a, 0x0c, 0x0a, 0x05, 0x05, 0x00, 0x02, 0x02, 0x01, 0x12, 0x03, 0x64, 0x02,
    0x20, 0x0a, 0x0c, 0x0a, 0x05, 0x05, 0x00, 0x02, 0x02, 0x02, 0x12, 0x03, 0x64, 0x23, 0x24, 0x0a,
    0x2a, 0x0a, 0x04, 0x05, 0x00, 0x02, 0x03, 0x12, 0x03, 0x66, 0x02, 0x24, 0x1a, 0x1d, 0x20, 0x44,
    0x65, 0x6c, 0x61, 0x79, 0x65, 0x64, 0x20, 0x74, 0x72, 0x61, 0x6e, 0x73, 0x69, 0x74, 0x69, 0x6f,
    0x6e, 0x20, 0x28, 0x61, 0x66, 0x74, 0x65, 0x72, 0x29, 0x2e, 0x0a, 0x0a, 0x0c, 0x0a, 0x05, 0x05,
    0x00, 0x02, 0x03, 0x01, 0x12, 0x03, 0x66, 0x02, 0x1f, 0x0a, 0x0c, 0x0a, 0x05, 0x05, 0x00, 0x02,
    0x03, 0x02, 0x12, 0x03, 0x66, 0x22, 0x23, 0x0a, 0x3e, 0x0a, 0x04, 0x05, 0x00, 0x02, 0x04, 0x12,
    0x03, 0x68, 0x02, 0x2a, 0x1a, 0x31, 0x20, 0x41, 0x63, 0x74, 0x6f, 0x72, 0x20, 0x63, 0x6f, 0x6d,
    0x70, 0x6c, 0x65, 0x74, 0x65, 0x64, 0x20, 0x73, 0x75, 0x63, 0x63, 0x65, 0x73, 0x73, 0x66, 0x75,
    0x6c, 0x6c, 0x79, 0x20, 0x28, 0x69, 0x6e, 0x76, 0x6f, 0x63, 0x61, 0x74, 0x69, 0x6f, 0x6e, 0x2e,
    0x64, 0x6f, 0x6e, 0x65, 0x29, 0x2e, 0x0a, 0x0a, 0x0c, 0x0a, 0x05, 0x05, 0x00, 0x02, 0x04, 0x01,
    0x12, 0x03, 0x68, 0x02, 0x25, 0x0a, 0x0c, 0x0a, 0x05, 0x05, 0x00, 0x02, 0x04, 0x02, 0x12, 0x03,
    0x68, 0x28, 0x29, 0x0a, 0x30, 0x0a, 0x04, 0x05, 0x00, 0x02, 0x05, 0x12, 0x03, 0x6a, 0x02, 0x2b,
    0x1a, 0x23, 0x20, 0x41, 0x63, 0x74, 0x6f, 0x72, 0x20, 0x65, 0x72, 0x72, 0x6f, 0x72, 0x65, 0x64,
    0x20, 0x28, 0x69, 0x6e, 0x76, 0x6f, 0x63, 0x61, 0x74, 0x69, 0x6f, 0x6e, 0x2e, 0x65, 0x72, 0x72,
    0x6f, 0x72, 0x29, 0x2e, 0x0a, 0x0a, 0x0c, 0x0a, 0x05, 0x05, 0x00, 0x02, 0x05, 0x01, 0x12, 0x03,
    0x6a, 0x02, 0x26, 0x0a, 0x0c, 0x0a, 0x05, 0x05, 0x00, 0x02, 0x05, 0x02, 0x12, 0x03, 0x6a, 0x29,
    0x2a, 0x0a, 0x32, 0x0a, 0x04, 0x05, 0x00, 0x02, 0x06, 0x12, 0x03, 0x6c, 0x02, 0x29, 0x1a, 0x25,
    0x20, 0x43, 0x68, 0x69, 0x6c, 0x64, 0x20, 0x73, 0x74, 0x61, 0x74, 0x65, 0x20, 0x63, 0x6f, 0x6d,
    0x70, 0x6c, 0x65, 0x74, 0x65, 0x64, 0x20, 0x28, 0x73, 0x74, 0x61, 0x74, 0x65, 0x2e, 0x64, 0x6f,
    0x6e, 0x65, 0x29, 0x2e, 0x0a, 0x0a, 0x0c, 0x0a, 0x05, 0x05, 0x00, 0x02, 0x06, 0x01, 0x12, 0x03,
    0x6c, 0x02, 0x24, 0x0a, 0x0c, 0x0a, 0x05, 0x05, 0x00, 0x02, 0x06, 0x02, 0x12, 0x03, 0x6c, 0x27,
    0x28, 0x0a, 0xd4, 0x02, 0x0a, 0x02, 0x04, 0x05, 0x12, 0x04, 0x73, 0x00, 0x7e, 0x01, 0x1a, 0x7e,
    0x20, 0x58, 0x53, 0x74, 0x61, 0x74, 0x65, 0x49, 0x6e, 0x76, 0x6f, 0x6b, 0x65, 0x20, 0x72, 0x65,
    0x70, 0x72, 0x65, 0x73, 0x65, 0x6e, 0x74, 0x73, 0x20, 0x61, 0x6e, 0x20, 0x61, 0x63, 0x74, 0x6f,
    0x72, 0x20, 0x69, 0x6e, 0x76, 0x6f, 0x63, 0x61, 0x74, 0x69, 0x6f, 0x6e, 0x20, 0x6f, 0x6e, 0x20,
    0x61, 0x20, 0x73, 0x74, 0x61, 0x74, 0x65, 0x2e, 0x0a, 0x20, 0x49, 0x6e, 0x20, 0x58, 0x53, 0x74,
    0x61, 0x74, 0x65, 0x2c, 0x20, 0x69, 0x6e, 0x76, 0x6f, 0x6b, 0x65, 0x73, 0x20, 0x73, 0x70, 0x61,
    0x77, 0x6e, 0x20, 0x61, 0x63, 0x74, 0x6f, 0x72, 0x73, 0x20, 0x74, 0x68, 0x61, 0x74, 0x20, 0x72,
    0x75, 0x6e, 0x20, 0x77, 0x68, 0x69, 0x6c, 0x65, 0x20, 0x74, 0x68, 0x65, 0x20, 0x73, 0x74, 0x61,
    0x74, 0x65, 0x20, 0x69, 0x73, 0x20, 0x61, 0x63, 0x74, 0x69, 0x76, 0x65, 0x2e, 0x0a, 0x32, 0xc7,
    0x01, 0x20, 0xe2, 0x94, 0x80, 0xe2, 0x94, 0x80, 0xe2, 0x94, 0x80, 0xe2, 0x94, 0x80, 0xe2, 0x94,
    0x80, 0xe2, 0x94, 0x80, 0xe2, 0x94, 0x80, 0xe2, 0x94, 0x80, 0xe2, 0x94, 0x80, 0xe2, 0x94, 0x80,
    0xe2, 0x94, 0x80, 0xe2, 0x94, 0x80, 0xe2, 0x94, 0x80, 0xe2, 0x94, 0x80, 0xe2, 0x94, 0x80, 0xe2,
    0x94, 0x80, 0xe2, 0x94, 0x80, 0xe2, 0x94, 0x80, 0xe2, 0x94, 0x80, 0xe2, 0x94, 0x80, 0xe2, 0x94,
    0x80, 0xe2, 0x94, 0x80, 0xe2, 0x94, 0x80, 0xe2, 0x94, 0x80, 0xe2, 0x94, 0x80, 0xe2, 0x94, 0x80,
    0xe2, 0x94, 0x80, 0x20, 0x49, 0x6e, 0x76, 0x6f, 0x6b, 0x65, 0x2f, 0x41, 0x63, 0x74, 0x6f, 0x72,
    0x20, 0xe2, 0x94, 0x80, 0xe2, 0x94, 0x80, 0xe2, 0x94, 0x80, 0xe2, 0x94, 0x80, 0xe2, 0x94, 0x80,
    0xe2, 0x94, 0x80, 0xe2, 0x94, 0x80, 0xe2, 0x94, 0x80, 0xe2, 0x94, 0x80, 0xe2, 0x94, 0x80, 0xe2,
    0x94, 0x80, 0xe2, 0x94, 0x80, 0xe2, 0x94, 0x80, 0xe2, 0x94, 0x80, 0xe2, 0x94, 0x80, 0xe2, 0x94,
    0x80, 0xe2, 0x94, 0x80, 0xe2, 0x94, 0x80, 0xe2, 0x94, 0x80, 0xe2, 0x94, 0x80, 0xe2, 0x94, 0x80,
    0xe2, 0x94, 0x80, 0xe2, 0x94, 0x80, 0xe2, 0x94, 0x80, 0xe2, 0x94, 0x80, 0xe2, 0x94, 0x80, 0xe2,
    0x94, 0x80, 0xe2, 0x94, 0x80, 0xe2, 0x94, 0x80, 0xe2, 0x94, 0x80, 0xe2, 0x94, 0x80, 0xe2, 0x94,
    0x80, 0xe2, 0x94, 0x80, 0xe2, 0x94, 0x80, 0x0a, 0x0a, 0x0a, 0x0a, 0x03, 0x04, 0x05, 0x01, 0x12,
    0x03, 0x73, 0x08, 0x14, 0x0a, 0x35, 0x0a, 0x04, 0x04, 0x05, 0x02, 0x00, 0x12, 0x03, 0x75, 0x02,
    0x10, 0x1a, 0x28, 0x20, 0x55, 0x6e, 0x69, 0x71, 0x75, 0x65, 0x20, 0x69, 0x64, 0x65, 0x6e, 0x74,
    0x69, 0x66, 0x69, 0x65, 0x72, 0x20, 0x66, 0x6f, 0x72, 0x20, 0x74, 0x68, 0x69, 0x73, 0x20, 0x69,
    0x6e, 0x76, 0x6f, 0x63, 0x61, 0x74, 0x69, 0x6f, 0x6e, 0x2e, 0x0a, 0x0a, 0x0c, 0x0a, 0x05, 0x04,
    0x05, 0x02, 0x00, 0x05, 0x12, 0x03, 0x75, 0x02, 0x08, 0x0a, 0x0c, 0x0a, 0x05, 0x04, 0x05, 0x02,
    0x00, 0x01, 0x12, 0x03, 0x75, 0x09, 0x0b, 0x0a, 0x0c, 0x0a, 0x05, 0x04, 0x05, 0x02, 0x00, 0x03,
    0x12, 0x03, 0x75, 0x0e, 0x0f, 0x0a, 0x3c, 0x0a, 0x04, 0x04, 0x05, 0x02, 0x01, 0x12, 0x03, 0x77,
    0x02, 0x11, 0x1a, 0x2f, 0x20, 0x52, 0x65, 0x66, 0x65, 0x72, 0x65, 0x6e, 0x63, 0x65, 0x20, 0x74,
    0x6f, 0x20, 0x74, 0x68, 0x65, 0x20, 0x61, 0x63, 0x74, 0x6f, 0x72, 0x20, 0x73, 0x6f, 0x75, 0x72,
    0x63, 0x65, 0x2f, 0x69, 0x6d, 0x70, 0x6c, 0x65, 0x6d, 0x65, 0x6e, 0x74, 0x61, 0x74, 0x69, 0x6f,
    0x6e, 0x2e, 0x0a, 0x0a, 0x0c, 0x0a, 0x05, 0x04, 0x05, 0x02, 0x01, 0x05, 0x12, 0x03, 0x77, 0x02,
    0x08, 0x0a, 0x0c, 0x0a, 0x05, 0x04, 0x05, 0x02, 0x01, 0x01, 0x12, 0x03, 0x77, 0x09, 0x0c, 0x0a,
    0x0c, 0x0a, 0x05, 0x04, 0x05, 0x02, 0x01, 0x03, 0x12, 0x03, 0x77, 0x0f, 0x10, 0x0a, 0x3a, 0x0a,
    0x04, 0x04, 0x05, 0x02, 0x02, 0x12, 0x03, 0x79, 0x02, 0x12, 0x1a, 0x2d, 0x20, 0x4b, 0x69, 0x6e,
    0x64, 0x20, 0x6f, 0x66, 0x20, 0x69, 0x6e, 0x76, 0x6f, 0x63, 0x61, 0x74, 0x69, 0x6f, 0x6e, 0x3a,
    0x20, 0x22, 0x6e, 0x61, 0x6d, 0x65, 0x64, 0x22, 0x2c, 0x20, 0x22, 0x69, 0x6e, 0x6c, 0x69, 0x6e,
    0x65, 0x22, 0x2c, 0x20, 0x65, 0x74, 0x63, 0x2e, 0x0a, 0x0a, 0x0c, 0x0a, 0x05, 0x04, 0x05, 0x02,
    0x02, 0x05, 0x12, 0x03, 0x79, 0x02, 0x08, 0x0a, 0x0c, 0x0a, 0x05, 0x04, 0x05, 0x02, 0x02, 0x01,
    0x12, 0x03, 0x79, 0x09, 0x0d, 0x0a, 0x0c, 0x0a, 0x05, 0x04, 0x05, 0x02, 0x02, 0x03, 0x12, 0x03,
    0x79, 0x10, 0x11, 0x0a, 0x34, 0x0a, 0x04, 0x04, 0x05, 0x02, 0x03, 0x12, 0x03, 0x7b, 0x02, 0x23,
    0x1a, 0x27, 0x20, 0x49, 0x6e, 0x70, 0x75, 0x74, 0x20, 0x70, 0x61, 0x72, 0x61, 0x6d, 0x65, 0x74,
    0x65, 0x72, 0x73, 0x20, 0x70, 0x61, 0x73, 0x73, 0x65, 0x64, 0x20, 0x74, 0x6f, 0x20, 0x74, 0x68,
    0x65, 0x20, 0x61, 0x63, 0x74, 0x6f, 0x72, 0x2e, 0x0a, 0x0a, 0x0c, 0x0a, 0x05, 0x04, 0x05, 0x02,
    0x03, 0x06, 0x12, 0x03, 0x7b, 0x02, 0x18, 0x0a, 0x0c, 0x0a, 0x05, 0x04, 0x05, 0x02, 0x03, 0x01,
    0x12, 0x03, 0x7b, 0x19, 0x1e, 0x0a, 0x0c, 0x0a, 0x05, 0x04, 0x05, 0x02, 0x03, 0x03, 0x12, 0x03,
    0x7b, 0x21, 0x22, 0x0a, 0x36, 0x0a, 0x04, 0x04, 0x05, 0x02, 0x04, 0x12, 0x03, 0x7d, 0x02, 0x26,
    0x1a, 0x29, 0x20, 0x41, 0x64, 0x64, 0x69, 0x74, 0x69, 0x6f, 0x6e, 0x61, 0x6c, 0x20, 0x73, 0x65,
    0x74, 0x74, 0x69, 0x6e, 0x67, 0x73, 0x20, 0x66, 0x6f, 0x72, 0x20, 0x74, 0x68, 0x65, 0x20, 0x69,
    0x6e, 0x76, 0x6f, 0x63, 0x61, 0x74, 0x69, 0x6f, 0x6e, 0x2e, 0x0a, 0x0a, 0x0c, 0x0a, 0x05, 0x04,
    0x05, 0x02, 0x04, 0x06, 0x12, 0x03, 0x7d, 0x02, 0x18, 0x0a, 0x0c, 0x0a, 0x05, 0x04, 0x05, 0x02,
    0x04, 0x01, 0x12, 0x03, 0x7d, 0x19, 0x21, 0x0a, 0x0c, 0x0a, 0x05, 0x04, 0x05, 0x02, 0x04, 0x03,
    0x12, 0x03, 0x7d, 0x24, 0x25, 0x0a, 0xc9, 0x02, 0x0a, 0x02, 0x04, 0x06, 0x12, 0x06, 0x84, 0x01,
    0x00, 0x8b, 0x01, 0x01, 0x1a, 0x65, 0x20, 0x58, 0x53, 0x74, 0x61, 0x74, 0x65, 0x41, 0x73, 0x73,
    0x65, 0x74, 0x20, 0x72, 0x65, 0x70, 0x72, 0x65, 0x73, 0x65, 0x6e, 0x74, 0x73, 0x20, 0x76, 0x69,
    0x73, 0x75, 0x61, 0x6c, 0x20, 0x61, 0x73, 0x73, 0x65, 0x74, 0x73, 0x20, 0x61, 0x74, 0x74, 0x61,
    0x63, 0x68, 0x65, 0x64, 0x20, 0x74, 0x6f, 0x20, 0x73, 0x74, 0x61, 0x74, 0x65, 0x73, 0x2e, 0x0a,
    0x20, 0x53, 0x75, 0x70, 0x70, 0x6f, 0x72, 0x74, 0x73, 0x20, 0x46, 0x69, 0x67, 0x6d, 0x61, 0x20,
    0x6c, 0x69, 0x6e, 0x6b, 0x73, 0x20, 0x61, 0x6e, 0x64, 0x20, 0x75, 0x70, 0x6c, 0x6f, 0x61, 0x64,
    0x65, 0x64, 0x20, 0x69, 0x6d, 0x61, 0x67, 0x65, 0x73, 0x2e, 0x0a, 0x32, 0xd3, 0x01, 0x20, 0xe2,
    0x94, 0x80, 0xe2, 0x94, 0x80, 0xe2, 0x94, 0x80, 0xe2, 0x94, 0x80, 0xe2, 0x94, 0x80, 0xe2, 0x94,
    0x80, 0xe2, 0x94, 0x80, 0xe2, 0x94, 0x80, 0xe2, 0x94, 0x80, 0xe2, 0x94, 0x80, 0xe2, 0x94, 0x80,
    0xe2, 0x94, 0x80, 0xe2, 0x94, 0x80, 0xe2, 0x94, 0x80, 0xe2, 0x94, 0x80, 0xe2, 0x94, 0x80, 0xe2,
    0x94, 0x80, 0xe2, 0x94, 0x80, 0xe2, 0x94, 0x80, 0xe2, 0x94, 0x80, 0xe2, 0x94, 0x80, 0xe2, 0x94,
    0x80, 0xe2, 0x94, 0x80, 0xe2, 0x94, 0x80, 0xe2, 0x94, 0x80, 0xe2, 0x94, 0x80, 0xe2, 0x94, 0x80,
    0x20, 0x41, 0x73, 0x73, 0x65, 0x74, 0x73, 0x20, 0xe2, 0x94, 0x80, 0xe2, 0x94, 0x80, 0xe2, 0x94,
    0x80, 0xe2, 0x94, 0x80, 0xe2, 0x94, 0x80, 0xe2, 0x94, 0x80, 0xe2, 0x94, 0x80, 0xe2, 0x94, 0x80,
    0xe2, 0x94, 0x80, 0xe2, 0x94, 0x80, 0xe2, 0x94, 0x80, 0xe2, 0x94, 0x80, 0xe2, 0x94, 0x80, 0xe2,
    0x94, 0x80, 0xe2, 0x94, 0x80, 0xe2, 0x94, 0x80, 0xe2, 0x94, 0x80, 0xe2, 0x94, 0x80, 0xe2, 0x94,
    0x80, 0xe2, 0x94, 0x80, 0xe2, 0x94, 0x80, 0xe2, 0x94, 0x80, 0xe2, 0x94, 0x80, 0xe2, 0x94, 0x80,
    0xe2, 0x94, 0x80, 0xe2, 0x94, 0x80, 0xe2, 0x94, 0x80, 0xe2, 0x94, 0x80, 0xe2, 0x94, 0x80, 0xe2,
    0x94, 0x80, 0xe2, 0x94, 0x80, 0xe2, 0x94, 0x80, 0xe2, 0x94, 0x80, 0xe2, 0x94, 0x80, 0xe2, 0x94,
    0x80, 0xe2, 0x94, 0x80, 0xe2, 0x94, 0x80, 0xe2, 0x94, 0x80, 0xe2, 0x94, 0x80, 0xe2, 0x94, 0x80,
    0x0a, 0x0a, 0x0b, 0x0a, 0x03, 0x04, 0x06, 0x01, 0x12, 0x04, 0x84, 0x01, 0x08, 0x13, 0x0a, 0x2b,
    0x0a, 0x04, 0x04, 0x06, 0x02, 0x00, 0x12, 0x04, 0x86, 0x01, 0x02, 0x12, 0x1a, 0x1d, 0x20, 0x44,
    0x69, 0x73, 0x70, 0x6c, 0x61, 0x79, 0x20, 0x6e, 0x61, 0x6d, 0x65, 0x20, 0x66, 0x6f, 0x72, 0x20,
    0x74, 0x68, 0x65, 0x20, 0x61, 0x73, 0x73, 0x65, 0x74, 0x2e, 0x0a, 0x0a, 0x0d, 0x0a, 0x05, 0x04,
    0x06, 0x02, 0x00, 0x05, 0x12, 0x04, 0x86, 0x01, 0x02, 0x08, 0x0a, 0x0d, 0x0a, 0x05, 0x04, 0x06,
    0x02, 0x00, 0x01, 0x12, 0x04, 0x86, 0x01, 0x09, 0x0d, 0x0a, 0x0d, 0x0a, 0x05, 0x04, 0x06, 0x02,
    0x00, 0x03, 0x12, 0x04, 0x86, 0x01, 0x10, 0x11, 0x0a, 0x40, 0x0a, 0x04, 0x04, 0x06, 0x02, 0x01,
    0x12, 0x04, 0x88, 0x01, 0x02, 0x16, 0x1a, 0x32, 0x20, 0x41, 0x73, 0x73, 0x65, 0x74, 0x20, 0x74,
    0x65, 0x6d, 0x70, 0x6c, 0x61, 0x74, 0x65, 0x3a, 0x20, 0x22, 0x40, 0x66, 0x69, 0x67, 0x6d, 0x61,
    0x2e, 0x6c, 0x69, 0x6e, 0x6b, 0x22, 0x2c, 0x20, 0x22, 0x40, 0x73, 0x74, 0x61, 0x74, 0x65, 0x6c,
    0x79, 0x2e, 0x69, 0x6d, 0x61, 0x67, 0x65, 0x22, 0x2e, 0x0a, 0x0a, 0x0d, 0x0a, 0x05, 0x04, 0x06,
    0x02, 0x01, 0x05, 0x12, 0x04, 0x88, 0x01, 0x02, 0x08, 0x0a, 0x0d, 0x0a, 0x05, 0x04, 0x06, 0x02,
    0x01, 0x01, 0x12, 0x04, 0x88, 0x01, 0x09, 0x11, 0x0a, 0x0d, 0x0a, 0x05, 0x04, 0x06, 0x02, 0x01,
    0x03, 0x12, 0x04, 0x88, 0x01, 0x14, 0x15, 0x0a, 0x49, 0x0a, 0x04, 0x04, 0x06, 0x02, 0x02, 0x12,
    0x04, 0x8a, 0x01, 0x02, 0x28, 0x1a, 0x3b, 0x20, 0x54, 0x65, 0x6d, 0x70, 0x6c, 0x61, 0x74, 0x65,
    0x2d, 0x73, 0x70, 0x65, 0x63, 0x69, 0x66, 0x69, 0x63, 0x20, 0x70, 0x72, 0x6f, 0x70, 0x65, 0x72,
    0x74, 0x69, 0x65, 0x73, 0x20, 0x28, 0x55, 0x52, 0x4c, 0x2c, 0x20, 0x66, 0x69, 0x6c, 0x65, 0x49,
    0x64, 0x2c, 0x20, 0x6e, 0x6f, 0x64, 0x65, 0x49, 0x64, 0x2c, 0x20, 0x65, 0x74, 0x63, 0x2e, 0x29,
    0x2e, 0x0a, 0x0a, 0x0d, 0x0a, 0x05, 0x04, 0x06, 0x02, 0x02, 0x06, 0x12, 0x04, 0x8a, 0x01, 0x02,
    0x18, 0x0a, 0x0d, 0x0a, 0x05, 0x04, 0x06, 0x02, 0x02, 0x01, 0x12, 0x04, 0x8a, 0x01, 0x19, 0x23,
    0x0a, 0x0d, 0x0a, 0x05, 0x04, 0x06, 0x02, 0x02, 0x03, 0x12, 0x04, 0x8a, 0x01, 0x26, 0x27, 0x0a,
    0xc4, 0x02, 0x0a, 0x02, 0x04, 0x07, 0x12, 0x06, 0x91, 0x01, 0x00, 0x96, 0x01, 0x01, 0x1a, 0x64,
    0x20, 0x4d, 0x65, 0x74, 0x61, 0x45, 0x6e, 0x74, 0x72, 0x79, 0x20, 0x72, 0x65, 0x70, 0x72, 0x65,
    0x73, 0x65, 0x6e, 0x74, 0x73, 0x20, 0x61, 0x6e, 0x20, 0x61, 0x72, 0x62, 0x69, 0x74, 0x72, 0x61,
    0x72, 0x79, 0x20, 0x6b, 0x65, 0x79, 0x2d, 0x76, 0x61, 0x6c, 0x75, 0x65, 0x20, 0x70, 0x61, 0x69,
    0x72, 0x2e, 0x0a, 0x20, 0x4d, 0x61, 0x70, 0x73, 0x20, 0x74, 0x6f, 0x20, 0x58, 0x53, 0x74, 0x61,
    0x74, 0x65, 0x20, 0x6d, 0x65, 0x74, 0x61, 0x45, 0x6e, 0x74, 0x72, 0x69, 0x65, 0x73, 0x3a, 0x20,
    0x5b, 0x5b, 0x6b, 0x65, 0x79, 0x2c, 0x20, 0x76, 0x61, 0x6c, 0x75, 0x65, 0x5d, 0x2c, 0x20, 0x2e,
    0x2e, 0x2e, 0x5d, 0x0a, 0x32, 0xcf, 0x01, 0x20, 0xe2, 0x94, 0x80, 0xe2, 0x94, 0x80, 0xe2, 0x94,
    0x80, 0xe2, 0x94, 0x80, 0xe2, 0x94, 0x80, 0xe2, 0x94, 0x80, 0xe2, 0x94, 0x80, 0xe2, 0x94, 0x80,
    0xe2, 0x94, 0x80, 0xe2, 0x94, 0x80, 0xe2, 0x94, 0x80, 0xe2, 0x94, 0x80, 0xe2, 0x94, 0x80, 0xe2,
    0x94, 0x80, 0xe2, 0x94, 0x80, 0xe2, 0x94, 0x80, 0xe2, 0x94, 0x80, 0xe2, 0x94, 0x80, 0xe2, 0x94,
    0x80, 0xe2, 0x94, 0x80, 0xe2, 0x94, 0x80, 0xe2, 0x94, 0x80, 0xe2, 0x94, 0x80, 0xe2, 0x94, 0x80,
    0xe2, 0x94, 0x80, 0xe2, 0x94, 0x80, 0xe2, 0x94, 0x80, 0x20, 0x4d, 0x65, 0x74, 0x61, 0x64, 0x61,
    0x74, 0x61, 0x20, 0xe2, 0x94, 0x80, 0xe2, 0x94, 0x80, 0xe2, 0x94, 0x80, 0xe2, 0x94, 0x80, 0xe2,
    0x94, 0x80, 0xe2, 0x94, 0x80, 0xe2, 0x94, 0x80, 0xe2, 0x94, 0x80, 0xe2, 0x94, 0x80, 0xe2, 0x94,
    0x80, 0xe2, 0x94, 0x80, 0xe2, 0x94, 0x80, 0xe2, 0x94, 0x80, 0xe2, 0x94, 0x80, 0xe2, 0x94, 0x80,
    0xe2, 0x94, 0x80, 0xe2, 0x94, 0x80, 0xe2, 0x94, 0x80, 0xe2, 0x94, 0x80, 0xe2, 0x94, 0x80, 0xe2,
    0x94, 0x80, 0xe2, 0x94, 0x80, 0xe2, 0x94, 0x80, 0xe2, 0x94, 0x80, 0xe2, 0x94, 0x80, 0xe2, 0x94,
    0x80, 0xe2, 0x94, 0x80, 0xe2, 0x94, 0x80, 0xe2, 0x94, 0x80, 0xe2, 0x94, 0x80, 0xe2, 0x94, 0x80,
    0xe2, 0x94, 0x80, 0xe2, 0x94, 0x80, 0xe2, 0x94, 0x80, 0xe2, 0x94, 0x80, 0xe2, 0x94, 0x80, 0xe2,
    0x94, 0x80, 0xe2, 0x94, 0x80, 0x0a, 0x0a, 0x0b, 0x0a, 0x03, 0x04, 0x07, 0x01, 0x12, 0x04, 0x91,
    0x01, 0x08, 0x11, 0x0a, 0x1d, 0x0a, 0x04, 0x04, 0x07, 0x02, 0x00, 0x12, 0x04, 0x93, 0x01, 0x02,
    0x11, 0x1a, 0x0f, 0x20, 0x4d, 0x65, 0x74, 0x61, 0x64, 0x61, 0x74, 0x61, 0x20, 0x6b, 0x65, 0x79,
    0x2e, 0x0a, 0x0a, 0x0d, 0x0a, 0x05, 0x04, 0x07, 0x02, 0x00, 0x05, 0x12, 0x04, 0x93, 0x01, 0x02,
    0x08, 0x0a, 0x0d, 0x0a, 0x05, 0x04, 0x07, 0x02, 0x00, 0x01, 0x12, 0x04, 0x93, 0x01, 0x09, 0x0c,
    0x0a, 0x0d, 0x0a, 0x05, 0x04, 0x07, 0x02, 0x00, 0x03, 0x12, 0x04, 0x93, 0x01, 0x0f, 0x10, 0x0a,
    0x1f, 0x0a, 0x04, 0x04, 0x07, 0x02, 0x01, 0x12, 0x04, 0x95, 0x01, 0x02, 0x13, 0x1a, 0x11, 0x20,
    0x4d, 0x65, 0x74, 0x61, 0x64, 0x61, 0x74, 0x61, 0x20, 0x76, 0x61, 0x6c, 0x75, 0x65, 0x2e, 0x0a,
    0x0a, 0x0d, 0x0a, 0x05, 0x04, 0x07, 0x02, 0x01, 0x05, 0x12, 0x04, 0x95, 0x01, 0x02, 0x08, 0x0a,
    0x0d, 0x0a, 0x05, 0x04, 0x07, 0x02, 0x01, 0x01, 0x12, 0x04, 0x95, 0x01, 0x09, 0x0e, 0x0a, 0x0d,
    0x0a, 0x05, 0x04, 0x07, 0x02, 0x01, 0x03, 0x12, 0x04, 0x95, 0x01, 0x11, 0x12, 0x0a, 0xd7, 0x02,
    0x0a, 0x02, 0x04, 0x08, 0x12, 0x06, 0x9c, 0x01, 0x00, 0xaf, 0x01, 0x01, 0x1a, 0x86, 0x01, 0x20,
    0x58, 0x53, 0x74, 0x61, 0x74, 0x65, 0x4d, 0x61, 0x63, 0x68, 0x69, 0x6e, 0x65, 0x44, 0x61, 0x74,
    0x61, 0x20, 0x63, 0x61, 0x70, 0x74, 0x75, 0x72, 0x65, 0x73, 0x20, 0x6d, 0x61, 0x63, 0x68, 0x69,
    0x6e, 0x65, 0x2d, 0x6c, 0x65, 0x76, 0x65, 0x6c, 0x20, 0x58, 0x53, 0x74, 0x61, 0x74, 0x65, 0x20,
    0x6d, 0x65, 0x74, 0x61, 0x64, 0x61, 0x74, 0x61, 0x2e, 0x0a, 0x20, 0x43, 0x61, 0x6e, 0x20, 0x62,
    0x65, 0x20, 0x73, 0x74, 0x6f, 0x72, 0x65, 0x64, 0x20, 0x69, 0x6e, 0x20, 0x53, 0x74, 0x61, 0x74,
    0x65, 0x63, 0x68, 0x61, 0x72, 0x74, 0x2e, 0x6d, 0x65, 0x74, 0x61, 0x64, 0x61, 0x74, 0x61, 0x20,
    0x61, 0x73, 0x20, 0x4a, 0x53, 0x4f, 0x4e, 0x20, 0x6f, 0x72, 0x20, 0x69, 0x6e, 0x20, 0x61, 0x20,
    0x64, 0x65, 0x64, 0x69, 0x63, 0x61, 0x74, 0x65, 0x64, 0x20, 0x65, 0x78, 0x74, 0x65, 0x6e, 0x73,
    0x69, 0x6f, 0x6e, 0x2e, 0x0a, 0x32, 0xbf, 0x01, 0x20, 0xe2, 0x94, 0x80, 0xe2, 0x94, 0x80, 0xe2,
    0x94, 0x80, 0xe2, 0x94, 0x80, 0xe2, 0x94, 0x80, 0xe2, 0x94, 0x80, 0xe2, 0x94, 0x80, 0xe2, 0x94,
    0x80, 0xe2, 0x94, 0x80, 0xe2, 0x94, 0x80, 0xe2, 0x94, 0x80, 0xe2, 0x94, 0x80, 0xe2, 0x94, 0x80,
    0xe2, 0x94, 0x80, 0xe2, 0x94, 0x80, 0xe2, 0x94, 0x80, 0xe2, 0x94, 0x80, 0xe2, 0x94, 0x80, 0xe2,
    0x94, 0x80, 0xe2, 0x94, 0x80, 0xe2, 0x94, 0x80, 0xe2, 0x94, 0x80, 0xe2, 0x94, 0x80, 0xe2, 0x94,
    0x80, 0xe2, 0x94, 0x80, 0xe2, 0x94, 0x80, 0xe2, 0x94, 0x80, 0x20, 0x4d, 0x61, 0x63, 0x68, 0x69,
    0x6e, 0x65, 0x20, 0x4d, 0x65, 0x74, 0x61, 0x64, 0x61, 0x74, 0x61, 0x20, 0xe2, 0x94, 0x80, 0xe2,
    0x94, 0x80, 0xe2, 0x94, 0x80, 0xe2, 0x94, 0x80, 0xe2, 0x94, 0x80, 0xe2, 0x94, 0x80, 0xe2, 0x94,
    0x80, 0xe2, 0x94, 0x80, 0xe2, 0x94, 0x80, 0xe2, 0x94, 0x80, 0xe2, 0x94, 0x80, 0xe2, 0x94, 0x80,
    0xe2, 0x94, 0x80, 0xe2, 0x94, 0x80, 0xe2, 0x94, 0x80, 0xe2, 0x94, 0x80, 0xe2, 0x94, 0x80, 0xe2,
    0x94, 0x80, 0xe2, 0x94, 0x80, 0xe2, 0x94, 0x80, 0xe2, 0x94, 0x80, 0xe2, 0x94, 0x80, 0xe2, 0x94,
    0x80, 0xe2, 0x94, 0x80, 0xe2, 0x94, 0x80, 0xe2, 0x94, 0x80, 0xe2, 0x94, 0x80, 0xe2, 0x94, 0x80,
    0xe2, 0x94, 0x80, 0xe2, 0x94, 0x80, 0x0a, 0x0a, 0x0b, 0x0a, 0x03, 0x04, 0x08, 0x01, 0x12, 0x04,
    0x9c, 0x01, 0x08, 0x19, 0x0a, 0x1d, 0x0a, 0x04, 0x04, 0x08, 0x02, 0x00, 0x12, 0x04, 0x9e, 0x01,
    0x02, 0x10, 0x1a, 0x0f, 0x20, 0x4d, 0x61, 0x63, 0x68, 0x69, 0x6e, 0x65, 0x20, 0x55, 0x55, 0x49,
    0x44, 0x2e, 0x0a, 0x0a, 0x0d, 0x0a, 0x05, 0x04, 0x08, 0x02, 0x00, 0x05, 0x12, 0x04, 0x9e, 0x01,
    0x02, 0x08, 0x0a, 0x0d, 0x0a, 0x05, 0x04, 0x08, 0x02, 0x00, 0x01, 0x12, 0x04, 0x9e, 0x01, 0x09,
    0x0b, 0x0a, 0x0d, 0x0a, 0x05, 0x04, 0x08, 0x02, 0x00, 0x03, 0x12, 0x04, 0x9e, 0x01, 0x0e, 0x0f,
    0x0a, 0x25, 0x0a, 0x04, 0x04, 0x08, 0x02, 0x01, 0x12, 0x04, 0xa0, 0x01, 0x02, 0x20, 0x1a, 0x17,
    0x20, 0x50, 0x72, 0x6f, 0x6a, 0x65, 0x63, 0x74, 0x20, 0x76, 0x65, 0x72, 0x73, 0x69, 0x6f, 0x6e,
    0x20, 0x55, 0x55, 0x49, 0x44, 0x2e, 0x0a, 0x0a, 0x0d, 0x0a, 0x05, 0x04, 0x08, 0x02, 0x01, 0x05,
    0x12, 0x04, 0xa0, 0x01, 0x02, 0x08, 0x0a, 0x0d, 0x0a, 0x05, 0x04, 0x08, 0x02, 0x01, 0x01, 0x12,
    0x04, 0xa0, 0x01, 0x09, 0x1b, 0x0a, 0x0d, 0x0a, 0x05, 0x04, 0x08, 0x02, 0x01, 0x03, 0x12, 0x04,
    0xa0, 0x01, 0x1e, 0x1f, 0x0a, 0x3c, 0x0a, 0x04, 0x04, 0x08, 0x02, 0x02, 0x12, 0x04, 0xa2, 0x01,
    0x02, 0x1c, 0x1a, 0x2e, 0x20, 0x46, 0x6f, 0x72, 0x6b, 0x20, 0x70, 0x61, 0x72, 0x65, 0x6e, 0x74,
    0x20, 0x55, 0x55, 0x49, 0x44, 0x20, 0x69, 0x66, 0x20, 0x74, 0x68, 0x69, 0x73, 0x20, 0x6d, 0x61,
    0x63, 0x68, 0x69, 0x6e, 0x65, 0x20, 0x77, 0x61, 0x73, 0x20, 0x66, 0x6f, 0x72, 0x6b, 0x65, 0x64,
    0x2e, 0x0a, 0x0a, 0x0d, 0x0a, 0x05, 0x04, 0x08, 0x02, 0x02, 0x05, 0x12, 0x04, 0xa2, 0x01, 0x02,
    0x08, 0x0a, 0x0d, 0x0a, 0x05, 0x04, 0x08, 0x02, 0x02, 0x01, 0x12, 0x04, 0xa2, 0x01, 0x09, 0x17,
    0x0a, 0x0d, 0x0a, 0x05, 0x04, 0x08, 0x02, 0x02, 0x03, 0x12, 0x04, 0xa2, 0x01, 0x1a, 0x1b, 0x0a,
    0x3b, 0x0a, 0x04, 0x04, 0x08, 0x02, 0x03, 0x12, 0x04, 0xa4, 0x01, 0x02, 0x1f, 0x1a, 0x2d, 0x20,
    0x55, 0x55, 0x49, 0x44, 0x20, 0x6f, 0x66, 0x20, 0x74, 0x68, 0x65, 0x20, 0x6c, 0x61, 0x73, 0x74,
    0x20, 0x75, 0x73, 0x65, 0x72, 0x20, 0x74, 0x6f, 0x20, 0x65, 0x64, 0x69, 0x74, 0x20, 0x74, 0x68,
    0x69, 0x73, 0x20, 0x6d, 0x61, 0x63, 0x68, 0x69, 0x6e, 0x65, 0x2e, 0x0a, 0x0a, 0x0d, 0x0a, 0x05,
    0x04, 0x08, 0x02, 0x03, 0x05, 0x12, 0x04, 0xa4, 0x01, 0x02, 0x08, 0x0a, 0x0d, 0x0a, 0x05, 0x04,
    0x08, 0x02, 0x03, 0x01, 0x12, 0x04, 0xa4, 0x01, 0x09, 0x1a, 0x0a, 0x0d, 0x0a, 0x05, 0x04, 0x08,
    0x02, 0x03, 0x03, 0x12, 0x04, 0xa4, 0x01, 0x1d, 0x1e, 0x0a, 0x30, 0x0a, 0x04, 0x04, 0x08, 0x02,
    0x04, 0x12, 0x04, 0xa6, 0x01, 0x02, 0x1b, 0x1a, 0x22, 0x20, 0x4f, 0x72, 0x69, 0x67, 0x69, 0x6e,
    0x61, 0x6c, 0x20, 0x58, 0x53, 0x74, 0x61, 0x74, 0x65, 0x20, 0x4a, 0x61, 0x76, 0x61, 0x53, 0x63,
    0x72, 0x69, 0x70, 0x74, 0x20, 0x63, 0x6f, 0x64, 0x65, 0x2e, 0x0a, 0x0a, 0x0d, 0x0a, 0x05, 0x04,
    0x08, 0x02, 0x04, 0x05, 0x12, 0x04, 0xa6, 0x01, 0x02, 0x08, 0x0a, 0x0d, 0x0a, 0x05, 0x04, 0x08,
    0x02, 0x04, 0x01, 0x12, 0x04, 0xa6, 0x01, 0x09, 0x16, 0x0a, 0x0d, 0x0a, 0x05, 0x04, 0x08, 0x02,
    0x04, 0x03, 0x12, 0x04, 0xa6, 0x01, 0x19, 0x1a, 0x0a, 0x37, 0x0a, 0x04, 0x04, 0x08, 0x02, 0x05,
    0x12, 0x04, 0xa8, 0x01, 0x02, 0x2b, 0x1a, 0x29, 0x20, 0x54, 0x69, 0x6d, 0x65, 0x73, 0x74, 0x61,
    0x6d, 0x70, 0x20, 0x77, 0x68, 0x65, 0x6e, 0x20, 0x74, 0x68, 0x65, 0x20, 0x6d, 0x61, 0x63, 0x68,
    0x69, 0x6e, 0x65, 0x20, 0x77, 0x61, 0x73, 0x20, 0x63, 0x72, 0x65, 0x61, 0x74, 0x65, 0x64, 0x2e,
    0x0a, 0x0a, 0x0d, 0x0a, 0x05, 0x04, 0x08, 0x02, 0x05, 0x06, 0x12, 0x04, 0xa8, 0x01, 0x02, 0x1b,
    0x0a, 0x0d, 0x0a, 0x05, 0x04, 0x08, 0x02, 0x05, 0x01, 0x12, 0x04, 0xa8, 0x01, 0x1c, 0x26, 0x0a,
    0x0d, 0x0a, 0x05, 0x04, 0x08, 0x02, 0x05, 0x03, 0x12, 0x04, 0xa8, 0x01, 0x29, 0x2a, 0x0a, 0x3c,
    0x0a, 0x04, 0x04, 0x08, 0x02, 0x06, 0x12, 0x04, 0xaa, 0x01, 0x02, 0x2b, 0x1a, 0x2e, 0x20, 0x54,
    0x69, 0x6d, 0x65, 0x73, 0x74, 0x61, 0x6d, 0x70, 0x20, 0x77, 0x68, 0x65, 0x6e, 0x20, 0x74, 0x68,
    0x65, 0x20, 0x6d, 0x61, 0x63, 0x68, 0x69, 0x6e, 0x65, 0x20, 0x77, 0x61, 0x73, 0x20, 0x6c, 0x61,
    0x73, 0x74, 0x20, 0x75, 0x70, 0x64, 0x61, 0x74, 0x65, 0x64, 0x2e, 0x0a, 0x0a, 0x0d, 0x0a, 0x05,
    0x04, 0x08, 0x02, 0x06, 0x06, 0x12, 0x04, 0xaa, 0x01, 0x02, 0x1b, 0x0a, 0x0d, 0x0a, 0x05, 0x04,
    0x08, 0x02, 0x06, 0x01, 0x12, 0x04, 0xaa, 0x01, 0x1c, 0x26, 0x0a, 0x0d, 0x0a, 0x05, 0x04, 0x08,
    0x02, 0x06, 0x03, 0x12, 0x04, 0xaa, 0x01, 0x29, 0x2a, 0x0a, 0x32, 0x0a, 0x04, 0x04, 0x08, 0x02,
    0x07, 0x12, 0x04, 0xac, 0x01, 0x02, 0x1c, 0x1a, 0x24, 0x20, 0x54, 0x79, 0x70, 0x65, 0x20, 0x73,
    0x63, 0x68, 0x65, 0x6d, 0x61, 0x73, 0x20, 0x66, 0x6f, 0x72, 0x20, 0x6d, 0x61, 0x63, 0x68, 0x69,
    0x6e, 0x65, 0x20, 0x65, 0x6c, 0x65, 0x6d, 0x65, 0x6e, 0x74, 0x73, 0x2e, 0x0a, 0x0a, 0x0d, 0x0a,
    0x05, 0x04, 0x08, 0x02, 0x07, 0x06, 0x12, 0x04, 0xac, 0x01, 0x02, 0x0f, 0x0a, 0x0d, 0x0a, 0x05,
    0x04, 0x08, 0x02, 0x07, 0x01, 0x12, 0x04, 0xac, 0x01, 0x10, 0x17, 0x0a, 0x0d, 0x0a, 0x05, 0x04,
    0x08, 0x02, 0x07, 0x03, 0x12, 0x04, 0xac, 0x01, 0x1a, 0x1b, 0x0a, 0x39, 0x0a, 0x04, 0x04, 0x08,
    0x02, 0x08, 0x12, 0x04, 0xae, 0x01, 0x02, 0x2c, 0x1a, 0x2b, 0x20, 0x41, 0x63, 0x74, 0x69, 0x6f,
    0x6e, 0x2c, 0x20, 0x67, 0x75, 0x61, 0x72, 0x64, 0x2c, 0x20, 0x61, 0x6e, 0x64, 0x20, 0x61, 0x63,
    0x74, 0x6f, 0x72, 0x20, 0x69, 0x6d, 0x70, 0x6c, 0x65, 0x6d, 0x65, 0x6e, 0x74, 0x61, 0x74, 0x69,
    0x6f, 0x6e, 0x73, 0x2e, 0x0a, 0x0a, 0x0d, 0x0a, 0x05, 0x04, 0x08, 0x02, 0x08, 0x06, 0x12, 0x04,
    0xae, 0x01, 0x02, 0x17, 0x0a, 0x0d, 0x0a, 0x05, 0x04, 0x08, 0x02, 0x08, 0x01, 0x12, 0x04, 0xae,
    0x01, 0x18, 0x27, 0x0a, 0x0d, 0x0a, 0x05, 0x04, 0x08, 0x02, 0x08, 0x03, 0x12, 0x04, 0xae, 0x01,
    0x2a, 0x2b, 0x0a, 0x49, 0x0a, 0x02, 0x04, 0x09, 0x12, 0x06, 0xb2, 0x01, 0x00, 0xc5, 0x01, 0x01,
    0x1a, 0x3b, 0x20, 0x58, 0x53, 0x74, 0x61, 0x74, 0x65, 0x53, 0x63, 0x68, 0x65, 0x6d, 0x61, 0x73,
    0x20, 0x63, 0x61, 0x70, 0x74, 0x75, 0x72, 0x65, 0x73, 0x20, 0x74, 0x79, 0x70, 0x65, 0x20, 0x73,
    0x63, 0x68, 0x65, 0x6d, 0x61, 0x73, 0x20, 0x66, 0x6f, 0x72, 0x20, 0x6d, 0x61, 0x63, 0x68, 0x69,
    0x6e, 0x65, 0x20, 0x65, 0x6c, 0x65, 0x6d, 0x65, 0x6e, 0x74, 0x73, 0x2e, 0x0a, 0x0a, 0x0b, 0x0a,
    0x03, 0x04, 0x09, 0x01, 0x12, 0x04, 0xb2, 0x01, 0x08, 0x15, 0x0a, 0x1c, 0x0a, 0x04, 0x04, 0x09,
    0x02, 0x00, 0x12, 0x04, 0xb4, 0x01, 0x02, 0x22, 0x1a, 0x0e, 0x20, 0x54, 0x61, 0x67, 0x20, 0x73,
    0x63, 0x68, 0x65, 0x6d, 0x61, 0x73, 0x2e, 0x0a, 0x0a, 0x0d, 0x0a, 0x05, 0x04, 0x09, 0x02, 0x00,
    0x06, 0x12, 0x04, 0xb4, 0x01, 0x02, 0x18, 0x0a, 0x0d, 0x0a, 0x05, 0x04, 0x09, 0x02, 0x00, 0x01,
    0x12, 0x04, 0xb4, 0x01, 0x19, 0x1d, 0x0a, 0x0d, 0x0a, 0x05, 0x04, 0x09, 0x02, 0x00, 0x03, 0x12,
    0x04, 0xb4, 0x01, 0x20, 0x21, 0x0a, 0x1d, 0x0a, 0x04, 0x04, 0x09, 0x02, 0x01, 0x12, 0x04, 0xb6,
    0x01, 0x02, 0x23, 0x1a, 0x0f, 0x20, 0x49, 0x6e, 0x70, 0x75, 0x74, 0x20, 0x73, 0x63, 0x68, 0x65,
    0x6d, 0x61, 0x2e, 0x0a, 0x0a, 0x0d, 0x0a, 0x05, 0x04, 0x09, 0x02, 0x01, 0x06, 0x12, 0x04, 0xb6,
    0x01, 0x02, 0x18, 0x0a, 0x0d, 0x0a, 0x05, 0x04, 0x09, 0x02, 0x01, 0x01, 0x12, 0x04, 0xb6, 0x01,
    0x19, 0x1e, 0x0a, 0x0d, 0x0a, 0x05, 0x04, 0x09, 0x02, 0x01, 0x03, 0x12, 0x04, 0xb6, 0x01, 0x21,
    0x22, 0x0a, 0x1e, 0x0a, 0x04, 0x04, 0x09, 0x02, 0x02, 0x12, 0x04, 0xb8, 0x01, 0x02, 0x24, 0x1a,
    0x10, 0x20, 0x4f, 0x75, 0x74, 0x70, 0x75, 0x74, 0x20, 0x73, 0x63, 0x68, 0x65, 0x6d, 0x61, 0x2e,
    0x0a, 0x0a, 0x0d, 0x0a, 0x05, 0x04, 0x09, 0x02, 0x02, 0x06, 0x12, 0x04, 0xb8, 0x01, 0x02, 0x18,
    0x0a, 0x0d, 0x0a, 0x05, 0x04, 0x09, 0x02, 0x02, 0x01, 0x12, 0x04, 0xb8, 0x01, 0x19, 0x1f, 0x0a,
    0x0d, 0x0a, 0x05, 0x04, 0x09, 0x02, 0x02, 0x03, 0x12, 0x04, 0xb8, 0x01, 0x22, 0x23, 0x0a, 0x1e,
    0x0a, 0x04, 0x04, 0x09, 0x02, 0x03, 0x12, 0x04, 0xba, 0x01, 0x02, 0x24, 0x1a, 0x10, 0x20, 0x41,
    0x63, 0x74, 0x6f, 0x72, 0x20, 0x73, 0x63, 0x68, 0x65, 0x6d, 0x61, 0x73, 0x2e, 0x0a, 0x0a, 0x0d,
    0x0a, 0x05, 0x04, 0x09, 0x02, 0x03, 0x06, 0x12, 0x04, 0xba, 0x01, 0x02, 0x18, 0x0a, 0x0d, 0x0a,
    0x05, 0x04, 0x09, 0x02, 0x03, 0x01, 0x12, 0x04, 0xba, 0x01, 0x19, 0x1f, 0x0a, 0x0d, 0x0a, 0x05,
    0x04, 0x09, 0x02, 0x03, 0x03, 0x12, 0x04, 0xba, 0x01, 0x22, 0x23, 0x0a, 0x1e, 0x0a, 0x04, 0x04,
    0x09, 0x02, 0x04, 0x12, 0x04, 0xbc, 0x01, 0x02, 0x24, 0x1a, 0x10, 0x20, 0x44, 0x65, 0x6c, 0x61,
    0x79, 0x20, 0x73, 0x63, 0x68, 0x65, 0x6d, 0x61, 0x73, 0x2e, 0x0a, 0x0a, 0x0d, 0x0a, 0x05, 0x04,
    0x09, 0x02, 0x04, 0x06, 0x12, 0x04, 0xbc, 0x01, 0x02, 0x18, 0x0a, 0x0d, 0x0a, 0x05, 0x04, 0x09,
    0x02, 0x04, 0x01, 0x12, 0x04, 0xbc, 0x01, 0x19, 0x1f, 0x0a, 0x0d, 0x0a, 0x05, 0x04, 0x09, 0x02,
    0x04, 0x03, 0x12, 0x04, 0xbc, 0x01, 0x22, 0x23, 0x0a, 0x26, 0x0a, 0x04, 0x04, 0x09, 0x02, 0x05,
    0x12, 0x04, 0xbe, 0x01, 0x02, 0x24, 0x1a, 0x18, 0x20, 0x45, 0x76, 0x65, 0x6e, 0x74, 0x20, 0x70,
    0x61, 0x79, 0x6c, 0x6f, 0x61, 0x64, 0x20, 0x73, 0x63, 0x68, 0x65, 0x6d, 0x61, 0x73, 0x2e, 0x0a,
    0x0a, 0x0d, 0x0a, 0x05, 0x04, 0x09, 0x02, 0x05, 0x06, 0x12, 0x04, 0xbe, 0x01, 0x02, 0x18, 0x0a,
    0x0d, 0x0a, 0x05, 0x04, 0x09, 0x02, 0x05, 0x01, 0x12, 0x04, 0xbe, 0x01, 0x19, 0x1f, 0x0a, 0x0d,
    0x0a, 0x05, 0x04, 0x09, 0x02, 0x05, 0x03, 0x12, 0x04, 0xbe, 0x01, 0x22, 0x23, 0x0a, 0x1e, 0x0a,
    0x04, 0x04, 0x09, 0x02, 0x06, 0x12, 0x04, 0xc0, 0x01, 0x02, 0x24, 0x1a, 0x10, 0x20, 0x47, 0x75,
    0x61, 0x72, 0x64, 0x20, 0x73, 0x63, 0x68, 0x65, 0x6d, 0x61, 0x73, 0x2e, 0x0a, 0x0a, 0x0d, 0x0a,
    0x05, 0x04, 0x09, 0x02, 0x06, 0x06, 0x12, 0x04, 0xc0, 0x01, 0x02, 0x18, 0x0a, 0x0d, 0x0a, 0x05,
    0x04, 0x09, 0x02, 0x06, 0x01, 0x12, 0x04, 0xc0, 0x01, 0x19, 0x1f, 0x0a, 0x0d, 0x0a, 0x05, 0x04,
    0x09, 0x02, 0x06, 0x03, 0x12, 0x04, 0xc0, 0x01, 0x22, 0x23, 0x0a, 0x1f, 0x0a, 0x04, 0x04, 0x09,
    0x02, 0x07, 0x12, 0x04, 0xc2, 0x01, 0x02, 0x25, 0x1a, 0x11, 0x20, 0x41, 0x63, 0x74, 0x69, 0x6f,
    0x6e, 0x20, 0x73, 0x63, 0x68, 0x65, 0x6d, 0x61, 0x73, 0x2e, 0x0a, 0x0a, 0x0d, 0x0a, 0x05, 0x04,
    0x09, 0x02, 0x07, 0x06, 0x12, 0x04, 0xc2, 0x01, 0x02, 0x18, 0x0a, 0x0d, 0x0a, 0x05, 0x04, 0x09,
    0x02, 0x07, 0x01, 0x12, 0x04, 0xc2, 0x01, 0x19, 0x20, 0x0a, 0x0d, 0x0a, 0x05, 0x04, 0x09, 0x02,
    0x07, 0x03, 0x12, 0x04, 0xc2, 0x01, 0x23, 0x24, 0x0a, 0x29, 0x0a, 0x04, 0x04, 0x09, 0x02, 0x08,
    0x12, 0x04, 0xc4, 0x01, 0x02, 0x25, 0x1a, 0x1b, 0x20, 0x43, 0x6f, 0x6e, 0x74, 0x65, 0x78, 0x74,
    0x20, 0x76, 0x61, 0x72, 0x69, 0x61, 0x62, 0x6c, 0x65, 0x20, 0x73, 0x63, 0x68, 0x65, 0x6d, 0x61,
    0x73, 0x2e, 0x0a, 0x0a, 0x0d, 0x0a, 0x05, 0x04, 0x09, 0x02, 0x08, 0x06, 0x12, 0x04, 0xc4, 0x01,
    0x02, 0x18, 0x0a, 0x0d, 0x0a, 0x05, 0x04, 0x09, 0x02, 0x08, 0x01, 0x12, 0x04, 0xc4, 0x01, 0x19,
    0x20, 0x0a, 0x0d, 0x0a, 0x05, 0x04, 0x09, 0x02, 0x08, 0x03, 0x12, 0x04, 0xc4, 0x01, 0x23, 0x24,
    0x0a, 0x5e, 0x0a, 0x02, 0x04, 0x0a, 0x12, 0x06, 0xc8, 0x01, 0x00, 0xcf, 0x01, 0x01, 0x1a, 0x50,
    0x20, 0x58, 0x53, 0x74, 0x61, 0x74, 0x65, 0x49, 0x6d, 0x70, 0x6c, 0x65, 0x6d, 0x65, 0x6e, 0x74,
    0x61, 0x74, 0x69, 0x6f, 0x6e, 0x73, 0x20, 0x6d, 0x61, 0x70, 0x73, 0x20, 0x69, 0x6d, 0x70, 0x6c,
    0x65, 0x6d, 0x65, 0x6e, 0x74, 0x61, 0x74, 0x69, 0x6f, 0x6e, 0x20, 0x64, 0x65, 0x74, 0x61, 0x69,
    0x6c, 0x73, 0x20, 0x66, 0x6f, 0x72, 0x20, 0x61, 0x63, 0x74, 0x69, 0x6f, 0x6e, 0x73, 0x2c, 0x20,
    0x67, 0x75, 0x61, 0x72, 0x64, 0x73, 0x2c, 0x20, 0x61, 0x63, 0x74, 0x6f, 0x72, 0x73, 0x2e, 0x0a,
    0x0a, 0x0b, 0x0a, 0x03, 0x04, 0x0a, 0x01, 0x12, 0x04, 0xc8, 0x01, 0x08, 0x1d, 0x0a, 0x3c, 0x0a,
    0x04, 0x04, 0x0a, 0x02, 0x00, 0x12, 0x04, 0xca, 0x01, 0x02, 0x2c, 0x1a, 0x2e, 0x20, 0x41, 0x63,
    0x74, 0x69, 0x6f, 0x6e, 0x20, 0x69, 0x6d, 0x70, 0x6c, 0x65, 0x6d, 0x65, 0x6e, 0x74, 0x61, 0x74,
    0x69, 0x6f, 0x6e, 0x73, 0x20, 0x6b, 0x65, 0x79, 0x65, 0x64, 0x20, 0x62, 0x79, 0x20, 0x61, 0x63,
    0x74, 0x69, 0x6f, 0x6e, 0x20, 0x6e, 0x61, 0x6d, 0x65, 0x2e, 0x0a, 0x0a, 0x0d, 0x0a, 0x05, 0x04,
    0x0a, 0x02, 0x00, 0x06, 0x12, 0x04, 0xca, 0x01, 0x02, 0x1f, 0x0a, 0x0d, 0x0a, 0x05, 0x04, 0x0a,
    0x02, 0x00, 0x01, 0x12, 0x04, 0xca, 0x01, 0x20, 0x27, 0x0a, 0x0d, 0x0a, 0x05, 0x04, 0x0a, 0x02,
    0x00, 0x03, 0x12, 0x04, 0xca, 0x01, 0x2a, 0x2b, 0x0a, 0x3a, 0x0a, 0x04, 0x04, 0x0a, 0x02, 0x01,
    0x12, 0x04, 0xcc, 0x01, 0x02, 0x2a, 0x1a, 0x2c, 0x20, 0x47, 0x75, 0x61, 0x72, 0x64, 0x20, 0x69,
    0x6d, 0x70, 0x6c, 0x65, 0x6d, 0x65, 0x6e, 0x74, 0x61, 0x74, 0x69, 0x6f, 0x6e, 0x73, 0x20, 0x6b,
    0x65, 0x79, 0x65, 0x64, 0x20, 0x62, 0x79, 0x20, 0x67, 0x75, 0x61, 0x72, 0x64, 0x20, 0x6e, 0x61,
    0x6d, 0x65, 0x2e, 0x0a, 0x0a, 0x0d, 0x0a, 0x05, 0x04, 0x0a, 0x02, 0x01, 0x06, 0x12, 0x04, 0xcc,
    0x01, 0x02, 0x1e, 0x0a, 0x0d, 0x0a, 0x05, 0x04, 0x0a, 0x02, 0x01, 0x01, 0x12, 0x04, 0xcc, 0x01,
    0x1f, 0x25, 0x0a, 0x0d, 0x0a, 0x05, 0x04, 0x0a, 0x02, 0x01, 0x03, 0x12, 0x04, 0xcc, 0x01, 0x28,
    0x29, 0x0a, 0x3a, 0x0a, 0x04, 0x04, 0x0a, 0x02, 0x02, 0x12, 0x04, 0xce, 0x01, 0x02, 0x2a, 0x1a,
    0x2c, 0x20, 0x41, 0x63, 0x74, 0x6f, 0x72, 0x20, 0x69, 0x6d, 0x70, 0x6c, 0x65, 0x6d, 0x65, 0x6e,
    0x74, 0x61, 0x74, 0x69, 0x6f, 0x6e, 0x73, 0x20, 0x6b, 0x65, 0x79, 0x65, 0x64, 0x20, 0x62, 0x79,
    0x20, 0x61, 0x63, 0x74, 0x6f, 0x72, 0x20, 0x6e, 0x61, 0x6d, 0x65, 0x2e, 0x0a, 0x0a, 0x0d, 0x0a,
    0x05, 0x04, 0x0a, 0x02, 0x02, 0x06, 0x12, 0x04, 0xce, 0x01, 0x02, 0x1e, 0x0a, 0x0d, 0x0a, 0x05,
    0x04, 0x0a, 0x02, 0x02, 0x01, 0x12, 0x04, 0xce, 0x01, 0x1f, 0x25, 0x0a, 0x0d, 0x0a, 0x05, 0x04,
    0x0a, 0x02, 0x02, 0x03, 0x12, 0x04, 0xce, 0x01, 0x28, 0x29, 0x0a, 0x44, 0x0a, 0x02, 0x04, 0x0b,
    0x12, 0x06, 0xd2, 0x01, 0x00, 0xdd, 0x01, 0x01, 0x1a, 0x36, 0x20, 0x58, 0x53, 0x74, 0x61, 0x74,
    0x65, 0x41, 0x63, 0x74, 0x69, 0x6f, 0x6e, 0x49, 0x6d, 0x70, 0x6c, 0x20, 0x64, 0x65, 0x73, 0x63,
    0x72, 0x69, 0x62, 0x65, 0x73, 0x20, 0x61, 0x6e, 0x20, 0x61, 0x63, 0x74, 0x69, 0x6f, 0x6e, 0x20,
    0x69, 0x6d, 0x70, 0x6c, 0x65, 0x6d, 0x65, 0x6e, 0x74, 0x61, 0x74, 0x69, 0x6f, 0x6e, 0x2e, 0x0a,
    0x0a, 0x0b, 0x0a, 0x03, 0x04, 0x0b, 0x01, 0x12, 0x04, 0xd2, 0x01, 0x08, 0x18, 0x0a, 0x22, 0x0a,
    0x04, 0x04, 0x0b, 0x02, 0x00, 0x12, 0x04, 0xd4, 0x01, 0x02, 0x10, 0x1a, 0x14, 0x20, 0x41, 0x63,
    0x74, 0x69, 0x6f, 0x6e, 0x20, 0x69, 0x64, 0x65, 0x6e, 0x74, 0x69, 0x66, 0x69, 0x65, 0x72, 0x2e,
    0x0a, 0x0a, 0x0d, 0x0a, 0x05, 0x04, 0x0b, 0x02, 0x00, 0x05, 0x12, 0x04, 0xd4, 0x01, 0x02, 0x08,
    0x0a, 0x0d, 0x0a, 0x05, 0x04, 0x0b, 0x02, 0x00, 0x01, 0x12, 0x04, 0xd4, 0x01, 0x09, 0x0b, 0x0a,
    0x0d, 0x0a, 0x05, 0x04, 0x0b, 0x02, 0x00, 0x03, 0x12, 0x04, 0xd4, 0x01, 0x0e, 0x0f, 0x0a, 0x2c,
    0x0a, 0x04, 0x04, 0x0b, 0x02, 0x01, 0x12, 0x04, 0xd6, 0x01, 0x02, 0x12, 0x1a, 0x1e, 0x20, 0x44,
    0x69, 0x73, 0x70, 0x6c, 0x61, 0x79, 0x20, 0x6e, 0x61, 0x6d, 0x65, 0x20, 0x66, 0x6f, 0x72, 0x20,
    0x74, 0x68, 0x65, 0x20, 0x61, 0x63, 0x74, 0x69, 0x6f, 0x6e, 0x2e, 0x0a, 0x0a, 0x0d, 0x0a, 0x05,
    0x04, 0x0b, 0x02, 0x01, 0x05, 0x12, 0x04, 0xd6, 0x01, 0x02, 0x08, 0x0a, 0x0d, 0x0a, 0x05, 0x04,
    0x0b, 0x02, 0x01, 0x01, 0x12, 0x04, 0xd6, 0x01, 0x09, 0x0d, 0x0a, 0x0d, 0x0a, 0x05, 0x04, 0x0b,
    0x02, 0x01, 0x03, 0x12, 0x04, 0xd6, 0x01, 0x10, 0x11, 0x0a, 0x2f, 0x0a, 0x04, 0x04, 0x0b, 0x02,
    0x02, 0x12, 0x04, 0xd8, 0x01, 0x02, 0x12, 0x1a, 0x21, 0x20, 0x4a, 0x61, 0x76, 0x61, 0x53, 0x63,
    0x72, 0x69, 0x70, 0x74, 0x20, 0x69, 0x6d, 0x70, 0x6c, 0x65, 0x6d, 0x65, 0x6e, 0x74, 0x61, 0x74,
    0x69, 0x6f, 0x6e, 0x20, 0x63, 0x6f, 0x64, 0x65, 0x2e, 0x0a, 0x0a, 0x0d, 0x0a, 0x05, 0x04, 0x0b,
    0x02, 0x02, 0x05, 0x12, 0x04, 0xd8, 0x01, 0x02, 0x08, 0x0a, 0x0d, 0x0a, 0x05, 0x04, 0x0b, 0x02,
    0x02, 0x01, 0x12, 0x04, 0xd8, 0x01, 0x09, 0x0d, 0x0a, 0x0d, 0x0a, 0x05, 0x04, 0x0b, 0x02, 0x02,
    0x03, 0x12, 0x04, 0xd8, 0x01, 0x10, 0x11, 0x0a, 0x21, 0x0a, 0x04, 0x04, 0x0b, 0x02, 0x03, 0x12,
    0x04, 0xda, 0x01, 0x02, 0x24, 0x1a, 0x13, 0x20, 0x50, 0x61, 0x72, 0x61, 0x6d, 0x65, 0x74, 0x65,
    0x72, 0x20, 0x73, 0x63, 0x68, 0x65, 0x6d, 0x61, 0x2e, 0x0a, 0x0a, 0x0d, 0x0a, 0x05, 0x04, 0x0b,
    0x02, 0x03, 0x06, 0x12, 0x04, 0xda, 0x01, 0x02, 0x18, 0x0a, 0x0d, 0x0a, 0x05, 0x04, 0x0b, 0x02,
    0x03, 0x01, 0x12, 0x04, 0xda, 0x01, 0x19, 0x1f, 0x0a, 0x0d, 0x0a, 0x05, 0x04, 0x0b, 0x02, 0x03,
    0x03, 0x12, 0x04, 0xda, 0x01, 0x22, 0x23, 0x0a, 0x3a, 0x0a, 0x04, 0x04, 0x0b, 0x02, 0x04, 0x12,
    0x04, 0xdc, 0x01, 0x02, 0x1e, 0x1a, 0x2c, 0x20, 0x49, 0x6d, 0x70, 0x6f, 0x72, 0x74, 0x20, 0x73,
    0x74, 0x61, 0x74, 0x65, 0x6d, 0x65, 0x6e, 0x74, 0x73, 0x20, 0x72, 0x65, 0x71, 0x75, 0x69, 0x72,
    0x65, 0x64, 0x20, 0x62, 0x79, 0x20, 0x74, 0x68, 0x69, 0x73, 0x20, 0x61, 0x63, 0x74, 0x69, 0x6f,
    0x6e, 0x2e, 0x0a, 0x0a, 0x0d, 0x0a, 0x05, 0x04, 0x0b, 0x02, 0x04, 0x04, 0x12, 0x04, 0xdc, 0x01,
    0x02, 0x0a, 0x0a, 0x0d, 0x0a, 0x05, 0x04, 0x0b, 0x02, 0x04, 0x05, 0x12, 0x04, 0xdc, 0x01, 0x0b,
    0x11, 0x0a, 0x0d, 0x0a, 0x05, 0x04, 0x0b, 0x02, 0x04, 0x01, 0x12, 0x04, 0xdc, 0x01, 0x12, 0x19,
    0x0a, 0x0d, 0x0a, 0x05, 0x04, 0x0b, 0x02, 0x04, 0x03, 0x12, 0x04, 0xdc, 0x01, 0x1c, 0x1d, 0x0a,
    0x41, 0x0a, 0x02, 0x04, 0x0c, 0x12, 0x06, 0xe0, 0x01, 0x00, 0xe9, 0x01, 0x01, 0x1a, 0x33, 0x20,
    0x58, 0x53, 0x74, 0x61, 0x74, 0x65, 0x47, 0x75, 0x61, 0x72, 0x64, 0x49, 0x6d, 0x70, 0x6c, 0x20,
    0x64, 0x65, 0x73, 0x63, 0x72, 0x69, 0x62, 0x65, 0x73, 0x20, 0x61, 0x20, 0x67, 0x75, 0x61, 0x72,
    0x64, 0x20, 0x69, 0x6d, 0x70, 0x6c, 0x65, 0x6d, 0x65, 0x6e, 0x74, 0x61, 0x74, 0x69, 0x6f, 0x6e,
    0x2e, 0x0a, 0x0a, 0x0b, 0x0a, 0x03, 0x04, 0x0c, 0x01, 0x12, 0x04, 0xe0, 0x01, 0x08, 0x17, 0x0a,
    0x21, 0x0a, 0x04, 0x04, 0x0c, 0x02, 0x00, 0x12, 0x04, 0xe2, 0x01, 0x02, 0x10, 0x1a, 0x13, 0x20,
    0x47, 0x75, 0x61, 0x72, 0x64, 0x20, 0x69, 0x64, 0x65, 0x6e, 0x74, 0x69, 0x66, 0x69, 0x65, 0x72,
    0x2e, 0x0a, 0x0a, 0x0d, 0x0a, 0x05, 0x04, 0x0c, 0x02, 0x00, 0x05, 0x12, 0x04, 0xe2, 0x01, 0x02,
    0x08, 0x0a, 0x0d, 0x0a, 0x05, 0x04, 0x0c, 0x02, 0x00, 0x01, 0x12, 0x04, 0xe2, 0x01, 0x09, 0x0b,
    0x0a, 0x0d, 0x0a, 0x05, 0x04, 0x0c, 0x02, 0x00, 0x03, 0x12, 0x04, 0xe2, 0x01, 0x0e, 0x0f, 0x0a,
    0x2b, 0x0a, 0x04, 0x04, 0x0c, 0x02, 0x01, 0x12, 0x04, 0xe4, 0x01, 0x02, 0x12, 0x1a, 0x1d, 0x20,
    0x44, 0x69, 0x73, 0x70, 0x6c, 0x61, 0x79, 0x20, 0x6e, 0x61, 0x6d, 0x65, 0x20, 0x66, 0x6f, 0x72,
    0x20, 0x74, 0x68, 0x65, 0x20, 0x67, 0x75, 0x61, 0x72, 0x64, 0x2e, 0x0a, 0x0a, 0x0d, 0x0a, 0x05,
    0x04, 0x0c, 0x02, 0x01, 0x05, 0x12, 0x04, 0xe4, 0x01, 0x02, 0x08, 0x0a, 0x0d, 0x0a, 0x05, 0x04,
    0x0c, 0x02, 0x01, 0x01, 0x12, 0x04, 0xe4, 0x01, 0x09, 0x0d, 0x0a, 0x0d, 0x0a, 0x05, 0x04, 0x0c,
    0x02, 0x01, 0x03, 0x12, 0x04, 0xe4, 0x01, 0x10, 0x11, 0x0a, 0x26, 0x0a, 0x04, 0x04, 0x0c, 0x02,
    0x02, 0x12, 0x04, 0xe6, 0x01, 0x02, 0x24, 0x1a, 0x18, 0x20, 0x50, 0x61, 0x72, 0x61, 0x6d, 0x65,
    0x74, 0x65, 0x72, 0x20, 0x64, 0x65, 0x66, 0x69, 0x6e, 0x69, 0x74, 0x69, 0x6f, 0x6e, 0x73, 0x2e,
    0x0a, 0x0a, 0x0d, 0x0a, 0x05, 0x04, 0x0c, 0x02, 0x02, 0x06, 0x12, 0x04, 0xe6, 0x01, 0x02, 0x18,
    0x0a, 0x0d, 0x0a, 0x05, 0x04, 0x0c, 0x02, 0x02, 0x01, 0x12, 0x04, 0xe6, 0x01, 0x19, 0x1f, 0x0a,
    0x0d, 0x0a, 0x05, 0x04, 0x0c, 0x02, 0x02, 0x03, 0x12, 0x04, 0xe6, 0x01, 0x22, 0x23, 0x0a, 0x39,
    0x0a, 0x04, 0x04, 0x0c, 0x02, 0x03, 0x12, 0x04, 0xe8, 0x01, 0x02, 0x1e, 0x1a, 0x2b, 0x20, 0x49,
    0x6d, 0x70, 0x6f, 0x72, 0x74, 0x20, 0x73, 0x74, 0x61, 0x74, 0x65, 0x6d, 0x65, 0x6e, 0x74, 0x73,
    0x20, 0x72, 0x65, 0x71, 0x75, 0x69, 0x72, 0x65, 0x64, 0x20, 0x62, 0x79, 0x20, 0x74, 0x68, 0x69,
    0x73, 0x20, 0x67, 0x75, 0x61, 0x72, 0x64, 0x2e, 0x0a, 0x0a, 0x0d, 0x0a, 0x05, 0x04, 0x0c, 0x02,
    0x03, 0x04, 0x12, 0x04, 0xe8, 0x01, 0x02, 0x0a, 0x0a, 0x0d, 0x0a, 0x05, 0x04, 0x0c, 0x02, 0x03,
    0x05, 0x12, 0x04, 0xe8, 0x01, 0x0b, 0x11, 0x0a, 0x0d, 0x0a, 0x05, 0x04, 0x0c, 0x02, 0x03, 0x01,
    0x12, 0x04, 0xe8, 0x01, 0x12, 0x19, 0x0a, 0x0d, 0x0a, 0x05, 0x04, 0x0c, 0x02, 0x03, 0x03, 0x12,
    0x04, 0xe8, 0x01, 0x1c, 0x1d, 0x0a, 0x42, 0x0a, 0x02, 0x04, 0x0d, 0x12, 0x06, 0xec, 0x01, 0x00,
    0xf9, 0x01, 0x01, 0x1a, 0x34, 0x20, 0x58, 0x53, 0x74, 0x61, 0x74, 0x65, 0x41, 0x63, 0x74, 0x6f,
    0x72, 0x49, 0x6d, 0x70, 0x6c, 0x20, 0x64, 0x65, 0x73, 0x63, 0x72, 0x69, 0x62, 0x65, 0x73, 0x20,
    0x61, 0x6e, 0x20, 0x61, 0x63, 0x74, 0x6f, 0x72, 0x20, 0x69, 0x6d, 0x70, 0x6c, 0x65, 0x6d, 0x65,
    0x6e, 0x74, 0x61, 0x74, 0x69, 0x6f, 0x6e, 0x2e, 0x0a, 0x0a, 0x0b, 0x0a, 0x03, 0x04, 0x0d, 0x01,
    0x12, 0x04, 0xec, 0x01, 0x08, 0x17, 0x0a, 0x21, 0x0a, 0x04, 0x04, 0x0d, 0x02, 0x00, 0x12, 0x04,
    0xee, 0x01, 0x02, 0x10, 0x1a, 0x13, 0x20, 0x41, 0x63, 0x74, 0x6f, 0x72, 0x20, 0x69, 0x64, 0x65,
    0x6e, 0x74, 0x69, 0x66, 0x69, 0x65, 0x72, 0x2e, 0x0a, 0x0a, 0x0d, 0x0a, 0x05, 0x04, 0x0d, 0x02,
    0x00, 0x05, 0x12, 0x04, 0xee, 0x01, 0x02, 0x08, 0x0a, 0x0d, 0x0a, 0x05, 0x04, 0x0d, 0x02, 0x00,
    0x01, 0x12, 0x04, 0xee, 0x01, 0x09, 0x0b, 0x0a, 0x0d, 0x0a, 0x05, 0x04, 0x0d, 0x02, 0x00, 0x03,
    0x12, 0x04, 0xee, 0x01, 0x0e, 0x0f, 0x0a, 0x2b, 0x0a, 0x04, 0x04, 0x0d, 0x02, 0x01, 0x12, 0x04,
    0xf0, 0x01, 0x02, 0x12, 0x1a, 0x1d, 0x20, 0x44, 0x69, 0x73, 0x70, 0x6c, 0x61, 0x79, 0x20, 0x6e,
    0x61, 0x6d, 0x65, 0x20, 0x66, 0x6f, 0x72, 0x20, 0x74, 0x68, 0x65, 0x20, 0x61, 0x63, 0x74, 0x6f,
    0x72, 0x2e, 0x0a, 0x0a, 0x0d, 0x0a, 0x05, 0x04, 0x0d, 0x02, 0x01, 0x05, 0x12, 0x04, 0xf0, 0x01,
    0x02, 0x08, 0x0a, 0x0d, 0x0a, 0x05, 0x04, 0x0d, 0x02, 0x01, 0x01, 0x12, 0x04, 0xf0, 0x01, 0x09,
    0x0d, 0x0a, 0x0d, 0x0a, 0x05, 0x04, 0x0d, 0x02, 0x01, 0x03, 0x12, 0x04, 0xf0, 0x01, 0x10, 0x11,
    0x0a, 0x1b, 0x0a, 0x04, 0x04, 0x0d, 0x02, 0x02, 0x12, 0x04, 0xf2, 0x01, 0x02, 0x12, 0x1a, 0x0d,
    0x20, 0x41, 0x63, 0x74, 0x6f, 0x72, 0x20, 0x6b, 0x69, 0x6e, 0x64, 0x2e, 0x0a, 0x0a, 0x0d, 0x0a,
    0x05, 0x04, 0x0d, 0x02, 0x02, 0x05, 0x12, 0x04, 0xf2, 0x01, 0x02, 0x08, 0x0a, 0x0d, 0x0a, 0x05,
    0x04, 0x0d, 0x02, 0x02, 0x01, 0x12, 0x04, 0xf2, 0x01, 0x09, 0x0d, 0x0a, 0x0d, 0x0a, 0x05, 0x04,
    0x0d, 0x02, 0x02, 0x03, 0x12, 0x04, 0xf2, 0x01, 0x10, 0x11, 0x0a, 0x1d, 0x0a, 0x04, 0x04, 0x0d,
    0x02, 0x03, 0x12, 0x04, 0xf4, 0x01, 0x02, 0x23, 0x1a, 0x0f, 0x20, 0x49, 0x6e, 0x70, 0x75, 0x74,
    0x20, 0x73, 0x63, 0x68, 0x65, 0x6d, 0x61, 0x2e, 0x0a, 0x0a, 0x0d, 0x0a, 0x05, 0x04, 0x0d, 0x02,
    0x03, 0x06, 0x12, 0x04, 0xf4, 0x01, 0x02, 0x18, 0x0a, 0x0d, 0x0a, 0x05, 0x04, 0x0d, 0x02, 0x03,
    0x01, 0x12, 0x04, 0xf4, 0x01, 0x19, 0x1e, 0x0a, 0x0d, 0x0a, 0x05, 0x04, 0x0d, 0x02, 0x03, 0x03,
    0x12, 0x04, 0xf4, 0x01, 0x21, 0x22, 0x0a, 0x1e, 0x0a, 0x04, 0x04, 0x0d, 0x02, 0x04, 0x12, 0x04,
    0xf6, 0x01, 0x02, 0x24, 0x1a, 0x10, 0x20, 0x4f, 0x75, 0x74, 0x70, 0x75, 0x74, 0x20, 0x73, 0x63,
    0x68, 0x65, 0x6d, 0x61, 0x2e, 0x0a, 0x0a, 0x0d, 0x0a, 0x05, 0x04, 0x0d, 0x02, 0x04, 0x06, 0x12,
    0x04, 0xf6, 0x01, 0x02, 0x18, 0x0a, 0x0d, 0x0a, 0x05, 0x04, 0x0d, 0x02, 0x04, 0x01, 0x12, 0x04,
    0xf6, 0x01, 0x19, 0x1f, 0x0a, 0x0d, 0x0a, 0x05, 0x04, 0x0d, 0x02, 0x04, 0x03, 0x12, 0x04, 0xf6,
    0x01, 0x22, 0x23, 0x0a, 0x39, 0x0a, 0x04, 0x04, 0x0d, 0x02, 0x05, 0x12, 0x04, 0xf8, 0x01, 0x02,
    0x1e, 0x1a, 0x2b, 0x20, 0x49, 0x6d, 0x70, 0x6f, 0x72, 0x74, 0x20, 0x73, 0x74, 0x61, 0x74, 0x65,
    0x6d, 0x65, 0x6e, 0x74, 0x73, 0x20, 0x72, 0x65, 0x71, 0x75, 0x69, 0x72, 0x65, 0x64, 0x20, 0x62,
    0x79, 0x20, 0x74, 0x68, 0x69, 0x73, 0x20, 0x61, 0x63, 0x74, 0x6f, 0x72, 0x2e, 0x0a, 0x0a, 0x0d,
    0x0a, 0x05, 0x04, 0x0d, 0x02, 0x05, 0x04, 0x12, 0x04, 0xf8, 0x01, 0x02, 0x0a, 0x0a, 0x0d, 0x0a,
    0x05, 0x04, 0x0d, 0x02, 0x05, 0x05, 0x12, 0x04, 0xf8, 0x01, 0x0b, 0x11, 0x0a, 0x0d, 0x0a, 0x05,
    0x04, 0x0d, 0x02, 0x05, 0x01, 0x12, 0x04, 0xf8, 0x01, 0x12, 0x19, 0x0a, 0x0d, 0x0a, 0x05, 0x04,
    0x0d, 0x02, 0x05, 0x03, 0x12, 0x04, 0xf8, 0x01, 0x1c, 0x1d, 0x62, 0x06, 0x70, 0x72, 0x6f, 0x74,
    0x6f, 0x33,
];
// @@protoc_insertion_point(module)